VB,BEB'X,PB',BEBX,VB',XB',XX,AX,BEAX,RB',EB',PX,NX,RX,EB,Bandgap
2,-3.319597782,4.8,-5.897092546,10,2.2,3.98,3.4011897,-5.73747418,0.84625,3.916640006,0.557,9,0.705,3.369600005,0.407
2,-4.681404658,5.5,-5.897092546,6,2.1,3.98,3.4011897,-5.73747418,1.293333333,2.044640003,0.557,9,0.705,3.369600005,0.3361
9,-2.190810671,4.8,-1.046595196,10,2.2,2.66,3.0590368,-3.689630919,0.84625,3.916640006,4.7,53,1.273333333,4.437680007,0.0031
9,-2.228460083,7.36,-2.837697502,12,1.69,3.98,3.4011897,-5.73747418,1.09,1.162720002,0.557,9,0.705,4.437680007,0.0046
9,-3.349766345,5.5,-1.046595196,6,2.1,2.66,3.0590368,-3.689630919,1.293333333,2.044640003,4.7,53,1.273333333,4.437680007,0.0072
12,-3.319597782,4.8,-2.821480291,10,2.2,3.98,3.4011897,-5.73747418,0.84625,3.916640006,0.557,9,0.705,1.356160002,0.0
12,-4.681404658,5.5,-2.821480291,6,2.1,3.98,3.4011897,-5.73747418,1.293333333,2.044640003,0.557,9,0.705,1.356160002,0.0
10,-3.319597782,4.8,-6.094753522,10,2.2,3.98,3.4011897,-4.55891026,0.84625,3.916640006,0.557,9,0.705,4.473040007,0.0
10,-4.681404658,5.5,-6.094753522,6,2.1,3.98,3.4011897,-4.55891026,1.293333333,2.044640003,0.557,9,0.705,4.473040007,0.0
12,-2.190810671,4.8,-1.288829967,10,2.2,2.66,3.0590368,-3.154280889,0.84625,3.916640006,4.7,53,1.273333333,1.356160002,0.0
12,-3.349766345,5.5,-1.288829967,6,2.1,2.66,3.0590368,-3.154280889,1.293333333,2.044640003,4.7,53,1.273333333,1.356160002,0.0184
9,-3.319597782,4.8,-2.837697502,10,2.2,3.98,3.4011897,-4.540020928,0.84625,3.916640006,0.557,9,0.705,4.437680007,0.0003
9,-4.681404658,5.5,-2.837697502,6,2.1,3.98,3.4011897,-4.540020928,1.293333333,2.044640003,0.557,9,0.705,4.437680007,0.0008
10,-2.190810671,4.8,-4.554997046,10,2.2,2.66,3.0590368,-3.276070522,0.84625,3.916640006,4.7,53,1.273333333,4.473040007,0.0051
10,-3.349766345,5.5,-4.554997046,6,2.1,2.66,3.0590368,-3.276070522,1.293333333,2.044640003,4.7,53,1.273333333,4.473040007,0.0024
2,-3.319597782,4.8,-5.897092546,10,2.2,3.98,3.4011897,-4.393533774,0.84625,3.916640006,0.557,9,0.705,3.369600005,0.6513
2,-4.681404658,5.5,-5.897092546,6,2.1,3.98,3.4011897,-4.393533774,1.293333333,2.044640003,0.557,9,0.705,3.369600005,0.0021
9,-2.190810671,4.8,-1.046595196,10,2.2,2.66,3.0590368,-3.277171207,0.84625,3.916640006,4.7,53,1.273333333,4.437680007,0.0044
9,-3.349766345,5.5,-1.046595196,6,2.1,2.66,3.0590368,-3.277171207,1.293333333,2.044640003,4.7,53,1.273333333,4.437680007,0.0105
12,-3.319597782,4.8,-2.821480291,10,2.2,3.98,3.4011897,-4.393533774,0.84625,3.916640006,0.557,9,0.705,1.356160002,0.2801
12,-4.681404658,5.5,-2.821480291,6,2.1,3.98,3.4011897,-4.393533774,1.293333333,2.044640003,0.557,9,0.705,1.356160002,0.0024
2,-2.190810671,4.8,-2.650169631,10,2.2,2.66,3.0590368,-3.400777446,0.84625,3.916640006,4.7,53,1.273333333,3.369600005,0.0078
2,-3.349766345,5.5,-2.650169631,6,2.1,2.66,3.0590368,-3.400777446,1.293333333,2.044640003,4.7,53,1.273333333,3.369600005,0.0098
10,-3.319597782,4.8,-6.094753522,10,2.2,3.98,3.4011897,-4.699781335,0.84625,3.916640006,0.557,9,0.705,4.473040007,0.4248
10,-4.681404658,5.5,-6.094753522,6,2.1,3.98,3.4011897,-4.699781335,1.293333333,2.044640003,0.557,9,0.705,4.473040007,0.0024
12,-2.190810671,4.8,-1.288829967,10,2.2,2.66,3.0590368,-3.400777446,0.84625,3.916640006,4.7,53,1.273333333,1.356160002,0.0054
12,-3.349766345,5.5,-1.288829967,6,2.1,2.66,3.0590368,-3.400777446,1.293333333,2.044640003,4.7,53,1.273333333,1.356160002,0.0034
4,-6.094753522,6.8,-5.797670082,10,1.88,3.98,3.4011897,-4.070800974,0.74,4.473040007,0.557,9,0.705,3.132480005,0.0088
4,-2.821480291,5.75,-6.409916222,12,1.65,3.98,3.4011897,-4.070800974,0.88,1.356160002,0.557,9,0.705,3.868800006,0.1947
2,-5.617895441,22.8,-5.897092546,2,1.0,3.98,3.4011897,-4.070800974,1.14,1.849120003,0.557,9,0.705,3.369600005,0.0913
2,-2.71233833,7.6,-5.897092546,9,2.2,3.98,3.4011897,-4.070800974,0.765,6.957600011,0.557,9,0.705,3.369600005,0.0029
2,-5.631980671,39.7,-4.506382689,2,0.89,3.98,3.4011897,-4.070800974,1.49,1.862640003,0.557,9,0.705,1.529840002,0.3719
2,-4.681404658,5.5,-4.506382689,6,2.1,3.98,3.4011897,-4.070800974,1.293333333,2.044640003,0.557,9,0.705,1.529840002,0.0014
2,-6.31400697,8.4,-5.617895441,8,1.83,3.98,3.4011897,-4.070800974,0.8525,4.321200007,0.557,9,0.705,1.849120003,0.0
2,-6.094753522,6.8,-5.423699785,10,1.88,3.98,3.4011897,-4.070800974,0.74,4.473040007,0.557,9,0.705,1.705600003,0.0133
2,-2.821480291,5.75,-5.631980671,12,1.65,3.98,3.4011897,-4.070800974,0.88,1.356160002,0.557,9,0.705,1.862640003,0.3773
7,-2.71233833,7.6,-3.751960163,9,2.2,3.98,3.4011897,-4.070800974,0.765,6.957600011,0.557,9,0.705,2.946320005,0.0174
8,-4.681404658,5.5,-6.31400697,6,2.1,3.98,3.4011897,-4.070800974,1.293333333,2.044640003,0.557,9,0.705,4.321200007,0.0014
11,-2.821480291,5.75,-4.070800974,12,1.65,3.98,3.4011897,-4.070800974,0.88,1.356160002,0.557,9,0.705,3.508960006,0.0045
12,-2.71233833,7.6,-2.821480291,9,2.2,3.98,3.4011897,-4.070800974,0.765,6.957600011,0.557,9,0.705,1.356160002,0.0143
7,-6.094753522,6.8,-3.751960163,10,1.88,3.98,3.4011897,-3.178730516,0.74,4.473040007,0.557,9,0.705,2.946320005,0.0113
8,-2.821480291,5.75,-6.31400697,12,1.65,3.98,3.4011897,-3.178730516,0.88,1.356160002,0.557,9,0.705,4.321200007,0.0061
9,-2.71233833,7.6,-2.837697502,9,2.2,3.98,3.4011897,-3.178730516,0.765,6.957600011,0.557,9,0.705,4.437680007,0.0043
10,-4.681404658,5.5,-6.094753522,6,2.1,3.98,3.4011897,-3.178730516,1.293333333,2.044640003,0.557,9,0.705,4.473040007,0.0149
4,-5.897092546,5.6,-5.797670082,2,1.57,3.98,3.4011897,-2.766317607,0.59,3.369600005,0.557,9,0.705,3.132480005,0.292
4,-2.821480291,5.75,-5.797670082,12,1.65,3.98,3.4011897,-2.766317607,0.88,1.356160002,0.557,9,0.705,3.132480005,0.0064
4,-5.617895441,22.8,-6.409916222,2,1.0,3.98,3.4011897,-2.766317607,1.14,1.849120003,0.557,9,0.705,3.868800006,0.0002
4,-2.71233833,7.6,-6.409916222,9,2.2,3.98,3.4011897,-2.766317607,0.765,6.957600011,0.557,9,0.705,3.868800006,0.021
2,-5.631980671,39.7,-5.897092546,2,0.89,3.98,3.4011897,-2.766317607,1.49,1.862640003,0.557,9,0.705,3.369600005,0.3462
2,-4.681404658,5.5,-5.897092546,6,2.1,3.98,3.4011897,-2.766317607,1.293333333,2.044640003,0.557,9,0.705,3.369600005,0.0052
2,-6.31400697,8.4,-4.506382689,8,1.83,3.98,3.4011897,-2.766317607,0.8525,4.321200007,0.557,9,0.705,1.529840002,0.0026
2,-6.094753522,6.8,-5.617895441,10,1.88,3.98,3.4011897,-2.766317607,0.74,4.473040007,0.557,9,0.705,1.849120003,0.0002
2,-2.821480291,5.75,-5.423699785,12,1.65,3.98,3.4011897,-2.766317607,0.88,1.356160002,0.557,9,0.705,1.705600003,0.1544
2,-2.71233833,7.6,-5.631980671,9,2.2,3.98,3.4011897,-2.766317607,0.765,6.957600011,0.557,9,0.705,1.862640003,0.0208
7,-4.681404658,5.5,-3.751960163,6,2.1,3.98,3.4011897,-2.766317607,1.293333333,2.044640003,0.557,9,0.705,2.946320005,0.0036
9,-6.094753522,6.8,-2.837697502,10,1.88,3.98,3.4011897,-2.766317607,0.74,4.473040007,0.557,9,0.705,4.437680007,0.0012
2,-1.583164824,9.4,-2.072539693,7,1.55,2.66,3.0590368,-3.400777446,0.648333333,2.946320005,4.7,53,1.273333333,1.529840002,0.001
2,-3.021789169,8.4,-2.072539693,8,1.83,2.66,3.0590368,-3.400777446,0.8525,4.321200007,4.7,53,1.273333333,1.529840002,0.0018
2,-1.046595196,7.5,-2.072539693,9,1.91,2.66,3.0590368,-3.400777446,0.768333333,4.437680007,4.7,53,1.273333333,1.529840002,0.0001
2,-4.554997046,6.8,-2.072539693,10,1.88,2.66,3.0590368,-3.400777446,0.74,4.473040007,4.7,53,1.273333333,1.529840002,0.0006
2,-1.583164824,9.4,-3.015577986,7,1.55,2.66,3.0590368,-3.400777446,0.648333333,2.946320005,4.7,53,1.273333333,1.849120003,0.0006
2,-3.021789169,8.4,-3.015577986,8,1.83,2.66,3.0590368,-3.400777446,0.8525,4.321200007,4.7,53,1.273333333,1.849120003,0.0012
2,-1.046595196,7.5,-3.015577986,9,1.91,2.66,3.0590368,-3.400777446,0.768333333,4.437680007,4.7,53,1.273333333,1.849120003,0.0013
2,-4.554997046,6.8,-3.015577986,10,1.88,2.66,3.0590368,-3.400777446,0.74,4.473040007,4.7,53,1.273333333,1.849120003,0.2491
2,-2.998163763,6.5,-3.015577986,10,2.28,2.66,3.0590368,-3.400777446,0.805,5.883280009,4.7,53,1.273333333,1.849120003,0.0019
2,-1.583164824,9.4,-3.034095072,7,1.55,2.66,3.0590368,-3.400777446,0.648333333,2.946320005,4.7,53,1.273333333,1.705600003,0.001
2,-3.021789169,8.4,-3.034095072,8,1.83,2.66,3.0590368,-3.400777446,0.8525,4.321200007,4.7,53,1.273333333,1.705600003,0.0011
2,-1.046595196,7.5,-3.034095072,9,1.91,2.66,3.0590368,-3.400777446,0.768333333,4.437680007,4.7,53,1.273333333,1.705600003,0.0032
2,-4.554997046,6.8,-3.034095072,10,1.88,2.66,3.0590368,-3.400777446,0.74,4.473040007,4.7,53,1.273333333,1.705600003,0.1883
2,-3.021789169,8.4,-3.345271088,8,1.83,2.66,3.0590368,-3.400777446,0.8525,4.321200007,4.7,53,1.273333333,1.862640003,0.0006
2,-3.349766345,5.5,-3.015577986,6,2.1,2.66,3.0590368,-3.277171207,1.293333333,2.044640003,4.7,53,1.273333333,1.849120003,0.0003
4,-3.976541798,6.28,-3.870140802,4,1.96,2.66,3.0590368,-3.400777446,0.83,3.132480005,4.7,53,1.273333333,2.030080003,0.1246
4,-1.583164824,9.4,-3.870140802,7,1.55,2.66,3.0590368,-3.400777446,0.648333333,2.946320005,4.7,53,1.273333333,2.030080003,0.0009
2,-3.770903917,6.5,-5.897092546,10,2.28,3.98,3.4011897,-4.55891026,0.805,5.883280009,0.557,9,0.705,3.369600005,0.7863
2,-1.288829967,5.75,-2.072539693,12,1.65,2.66,3.0590368,-3.276070522,0.88,1.356160002,4.7,53,1.273333333,1.529840002,0.085
2,-3.034095072,23.5,-2.650169631,2,0.95,2.66,3.0590368,-3.689630919,1.32,1.705600003,4.7,53,1.273333333,3.369600005,2.0934
2,-5.423699785,23.5,-5.897092546,2,0.95,3.98,3.4011897,-4.540020928,1.32,1.705600003,0.557,9,0.705,3.369600005,6.4873
2,-3.034095072,23.5,-2.650169631,2,0.95,2.66,3.0590368,-3.277171207,1.32,1.705600003,4.7,53,1.273333333,3.369600005,2.2112
4,-5.897092546,5.6,-6.409916222,2,1.57,3.98,3.4011897,-4.070800974,0.59,3.369600005,0.557,9,0.705,3.868800006,0.8383
4,-5.617895441,22.8,-5.418199626,2,1.0,3.98,3.4011897,-3.178730516,1.14,1.849120003,0.557,9,0.705,2.030080003,1.0579
2,-6.094753522,6.8,-5.897092546,10,1.88,3.98,3.4011897,-3.178730516,0.74,4.473040007,0.557,9,0.705,3.369600005,1.1939
2,-2.821480291,5.75,-4.506382689,12,1.65,3.98,3.4011897,-3.178730516,0.88,1.356160002,0.557,9,0.705,1.529840002,1.9897
2,-5.631980671,39.7,-5.423699785,2,0.89,3.98,3.4011897,-3.178730516,1.49,1.862640003,0.557,9,0.705,1.705600003,1.6249
2,-1.583164824,9.4,-3.345271088,7,1.55,2.66,3.0590368,-3.400777446,0.648333333,2.946320005,4.7,53,1.273333333,1.862640003,1.8763
2,-3.751960163,9.4,-5.897092546,7,1.55,3.98,3.4011897,-5.73747418,0.648333333,2.946320005,0.557,9,0.705,3.369600005,1.9591
7,-6.094753522,6.8,-3.751960163,10,1.88,3.98,3.4011897,-4.55891026,0.74,4.473040007,0.557,9,0.705,2.946320005,0.9546
4,-2.650169631,5.6,-3.870140802,2,1.57,2.66,3.0590368,-3.276070522,0.59,3.369600005,4.7,53,1.273333333,2.030080003,1.3875
2,-1.583164824,9.4,-3.345271088,7,1.55,2.66,3.0590368,-3.276070522,0.648333333,2.946320005,4.7,53,1.273333333,1.862640003,1.7099
4,-4.233328196,5.84,-3.870140802,4,2.01,2.66,3.0590368,-3.277171207,0.77,3.868800006,4.7,53,1.273333333,2.030080003,0.8127
2,-1.288829967,5.75,-3.345271088,12,1.65,2.66,3.0590368,-3.400777446,0.88,1.356160002,4.7,53,1.273333333,1.862640003,2.0065
4,-2.072539693,10.6,-4.233328196,2,1.31,2.66,3.0590368,-3.154280889,0.86,1.529840002,4.7,53,1.273333333,3.868800006,1.5063
4,-2.650169631,5.6,-3.976541798,2,1.57,2.66,3.0590368,-3.276070522,0.59,3.369600005,4.7,53,1.273333333,3.132480005,0.8394
4,-3.034095072,23.5,-4.233328196,2,0.95,2.66,3.0590368,-3.276070522,1.32,1.705600003,4.7,53,1.273333333,3.868800006,2.6885
4,-2.650169631,5.6,-3.870140802,2,1.57,2.66,3.0590368,-3.277171207,0.59,3.369600005,4.7,53,1.273333333,2.030080003,1.3785
4,-2.072539693,10.6,-4.233328196,2,1.31,2.66,3.0590368,-3.277171207,0.86,1.529840002,4.7,53,1.273333333,3.868800006,1.5197
4,-3.345271088,39.7,-4.233328196,2,0.89,2.66,3.0590368,-3.277171207,1.49,1.862640003,4.7,53,1.273333333,3.868800006,2.7362
2,-1.288829967,5.75,-3.034095072,12,1.65,2.66,3.0590368,-3.277171207,0.88,1.356160002,4.7,53,1.273333333,1.705600003,1.7001
10,-3.345271088,39.7,-2.190810671,2,0.89,2.66,3.0590368,-3.277171207,1.49,1.862640003,4.7,53,1.273333333,3.916640006,3.145
4,-3.034095072,23.5,-4.233328196,2,0.95,2.66,3.0590368,-3.400777446,1.32,1.705600003,4.7,53,1.273333333,3.868800006,2.692
2,-1.288829967,5.75,-3.034095072,12,1.65,2.66,3.0590368,-3.400777446,0.88,1.356160002,4.7,53,1.273333333,1.705600003,1.6639
11,-4.0354713,7.4,-4.070800974,5,2.02,3.98,3.4011897,-4.540020928,1.035,2.179840003,0.557,9,0.705,3.508960006,0.8036
11,-2.628635934,7.4,-2.403892393,5,2.02,2.66,3.0590368,-3.276070522,1.035,2.179840003,4.7,53,1.273333333,2.962960005,0.8079
11,-2.628635934,7.4,-2.403892393,5,2.02,2.66,3.0590368,-3.277171207,1.035,2.179840003,4.7,53,1.273333333,2.962960005,0.8227
1,-3.823327814,6.8,-3.689630919,3,1.61,2.66,3.0590368,-3.689630919,0.675,3.441360006,4.7,53,1.273333333,1.656720003,0.8268
11,-4.29223865,6.6,-4.070800974,5,2.05,3.98,3.4011897,-4.540020928,0.83,2.749760004,0.557,9,0.705,3.508960006,0.8357
1,-3.823327814,6.8,-3.689630919,3,1.61,2.66,3.0590368,-3.154280889,0.675,3.441360006,4.7,53,1.273333333,1.656720003,0.7896
11,-2.628635934,7.4,-2.403892393,5,2.02,2.66,3.0590368,-3.400777446,1.035,2.179840003,4.7,53,1.273333333,2.962960005,0.8491
1,-3.823327814,6.8,-3.689630919,3,1.61,2.66,3.0590368,-3.276070522,0.675,3.441360006,4.7,53,1.273333333,1.656720003,0.8948
1,-3.823327814,6.8,-3.689630919,3,1.61,2.66,3.0590368,-3.277171207,0.675,3.441360006,4.7,53,1.273333333,1.656720003,0.9011
1,-3.823327814,6.8,-3.689630919,3,1.61,2.66,3.0590368,-3.400777446,0.675,3.441360006,4.7,53,1.273333333,1.656720003,0.113
11,-4.0354713,7.4,-4.070800974,5,2.02,3.98,3.4011897,-4.393533774,1.035,2.179840003,0.557,9,0.705,3.508960006,0.9353
11,-4.29223865,6.6,-4.070800974,5,2.05,3.98,3.4011897,-4.393533774,0.83,2.749760004,0.557,9,0.705,3.508960006,0.9566
1,-3.015577986,8.12,-3.277171207,3,1.81,2.66,3.0590368,-3.400777446,0.76,2.828384005,4.7,53,1.273333333,0.841360001,0.9758
1,-3.015577986,8.12,-3.277171207,3,1.81,2.66,3.0590368,-3.277171207,0.76,2.828384005,4.7,53,1.273333333,0.841360001,1.0316
11,-5.363237215,9.1,-3.178730516,3,1.78,3.98,3.4011897,-5.73747418,0.94,2.527200004,0.557,9,0.705,2.962960005,0.9914
1,-3.015577986,8.12,-3.277171207,3,1.81,2.66,3.0590368,-3.276070522,0.76,2.828384005,4.7,53,1.273333333,0.841360001,0.9927
1,-3.015577986,8.12,-3.277171207,3,1.81,2.66,3.0590368,-3.154280889,0.76,2.828384005,4.7,53,1.273333333,0.841360001,1.0028
1,-3.015577986,8.12,-3.277171207,3,1.81,2.66,3.0590368,-3.689630919,0.76,2.828384005,4.7,53,1.273333333,0.841360001,1.0089
11,-6.818069793,6.8,-4.070800974,3,1.61,3.98,3.4011897,-4.540020928,0.675,3.441360006,0.557,9,0.705,3.508960006,1.0558
11,-5.363237215,9.1,-3.178730516,3,1.78,3.98,3.4011897,-4.55891026,0.94,2.527200004,0.557,9,0.705,2.962960005,1.0684
1,-3.823327814,6.8,-3.154280889,3,1.61,2.66,3.0590368,-3.689630919,0.675,3.441360006,4.7,53,1.273333333,1.118000002,1.1103
1,-3.823327814,6.8,-3.154280889,3,1.61,2.66,3.0590368,-3.154280889,0.675,3.441360006,4.7,53,1.273333333,1.118000002,1.1201
1,-3.823327814,6.8,-3.154280889,3,1.61,2.66,3.0590368,-3.276070522,0.675,3.441360006,4.7,53,1.273333333,1.118000002,1.117
1,-3.823327814,6.8,-3.154280889,3,1.61,2.66,3.0590368,-3.277171207,0.675,3.441360006,4.7,53,1.273333333,1.118000002,1.1239
11,-4.0354713,7.4,-4.070800974,5,2.02,3.98,3.4011897,-4.699781335,1.035,2.179840003,0.557,9,0.705,3.508960006,1.1406
11,-4.29223865,6.6,-4.070800974,5,2.05,3.98,3.4011897,-4.699781335,0.83,2.749760004,0.557,9,0.705,3.508960006,1.1464
1,-3.823327814,6.8,-3.154280889,3,1.61,2.66,3.0590368,-3.400777446,0.675,3.441360006,4.7,53,1.273333333,1.118000002,0.3665
1,-3.015577986,8.12,-3.400777446,3,1.81,2.66,3.0590368,-3.400777446,0.76,2.828384005,4.7,53,1.273333333,0.795600001,1.1764
11,-6.088833224,17.8,-4.070800974,3,1.36,3.98,3.4011897,-4.540020928,0.885,3.929120006,0.557,9,0.705,3.508960006,1.1855
1,-3.015577986,8.12,-3.400777446,3,1.81,2.66,3.0590368,-3.277171207,0.76,2.828384005,4.7,53,1.273333333,0.795600001,1.1966
11,-6.818069793,6.8,-4.070800974,3,1.61,3.98,3.4011897,-4.393533774,0.675,3.441360006,0.557,9,0.705,3.508960006,1.1979
1,-3.015577986,8.12,-3.400777446,3,1.81,2.66,3.0590368,-3.276070522,0.76,2.828384005,4.7,53,1.273333333,0.795600001,1.207
1,-3.015577986,8.12,-3.400777446,3,1.81,2.66,3.0590368,-3.154280889,0.76,2.828384005,4.7,53,1.273333333,0.795600001,1.2172
1,-3.015577986,8.12,-3.400777446,3,1.81,2.66,3.0590368,-3.689630919,0.76,2.828384005,4.7,53,1.273333333,0.795600001,1.2315
11,-6.818069793,6.8,-4.070800974,3,1.61,3.98,3.4011897,-4.699781335,0.675,3.441360006,0.557,9,0.705,3.508960006,1.3558
1,-3.534946316,9.1,-3.277171207,3,1.78,2.66,3.0590368,-3.400777446,0.94,2.527200004,4.7,53,1.273333333,0.841360001,1.4004
1,-3.534946316,9.1,-3.277171207,3,1.78,2.66,3.0590368,-3.277171207,0.94,2.527200004,4.7,53,1.273333333,0.841360001,1.4102
1,-3.534946316,9.1,-3.277171207,3,1.78,2.66,3.0590368,-3.276070522,0.94,2.527200004,4.7,53,1.273333333,0.841360001,1.4204
1,-3.534946316,9.1,-3.277171207,3,1.78,2.66,3.0590368,-3.154280889,0.94,2.527200004,4.7,53,1.273333333,0.841360001,1.438
1,-3.534946316,9.1,-3.277171207,3,1.78,2.66,3.0590368,-3.689630919,0.94,2.527200004,4.7,53,1.273333333,0.841360001,1.4388
11,-6.088833224,17.8,-4.070800974,3,1.36,3.98,3.4011897,-4.393533774,0.885,3.929120006,0.557,9,0.705,3.508960006,1.44
11,-3.046107912,17.8,-3.015509414,3,1.36,2.66,3.0590368,-3.400777446,0.885,3.929120006,4.7,53,1.273333333,3.508960006,1.4719
11,-3.046107912,17.8,-3.015509414,3,1.36,2.66,3.0590368,-3.277171207,0.885,3.929120006,4.7,53,1.273333333,3.508960006,1.5479
11,-5.617144145,8.12,-3.178730516,3,1.81,3.98,3.4011897,-5.73747418,0.76,2.828384005,0.557,9,0.705,2.962960005,1.489
11,-3.046107912,17.8,-3.015509414,3,1.36,2.66,3.0590368,-3.276070522,0.885,3.929120006,4.7,53,1.273333333,3.508960006,1.4982
11,-3.046107912,17.8,-3.015509414,3,1.36,2.66,3.0590368,-3.689630919,0.885,3.929120006,4.7,53,1.273333333,3.508960006,1.5075
11,-3.046107912,17.8,-3.015509414,3,1.36,2.66,3.0590368,-3.154280889,0.885,3.929120006,4.7,53,1.273333333,3.508960006,1.5145
11,-4.29223865,6.6,-3.178730516,5,2.05,3.98,3.4011897,-5.73747418,0.83,2.749760004,0.557,9,0.705,2.962960005,1.5213
11,-5.617144145,8.12,-3.178730516,3,1.81,3.98,3.4011897,-4.55891026,0.76,2.828384005,0.557,9,0.705,2.962960005,1.5975
1,-3.534946316,9.1,-3.400777446,3,1.78,2.66,3.0590368,-3.400777446,0.94,2.527200004,4.7,53,1.273333333,0.795600001,1.6011
1,-3.534946316,9.1,-3.400777446,3,1.78,2.66,3.0590368,-3.277171207,0.94,2.527200004,4.7,53,1.273333333,0.795600001,1.6184
1,-3.534946316,9.1,-3.400777446,3,1.78,2.66,3.0590368,-3.276070522,0.94,2.527200004,4.7,53,1.273333333,0.795600001,1.6358
1,-3.534946316,9.1,-3.400777446,3,1.78,2.66,3.0590368,-3.154280889,0.94,2.527200004,4.7,53,1.273333333,0.795600001,1.6414
1,-3.534946316,9.1,-3.400777446,3,1.78,2.66,3.0590368,-3.689630919,0.94,2.527200004,4.7,53,1.273333333,0.795600001,1.6431
11,-5.363237215,9.1,-3.178730516,3,1.78,3.98,3.4011897,-4.540020928,0.94,2.527200004,0.557,9,0.705,2.962960005,1.6547
11,-4.29223865,6.6,-3.178730516,5,2.05,3.98,3.4011897,-4.55891026,0.83,2.749760004,0.557,9,0.705,2.962960005,1.6595
1,-2.709008248,6.6,-3.689630919,5,2.05,2.66,3.0590368,-3.689630919,0.83,2.749760004,4.7,53,1.273333333,1.656720003,1.6691
1,-2.709008248,6.6,-3.689630919,5,2.05,2.66,3.0590368,-3.154280889,0.83,2.749760004,4.7,53,1.273333333,1.656720003,1.6775
1,-2.709008248,6.6,-3.689630919,5,2.05,2.66,3.0590368,-3.276070522,0.83,2.749760004,4.7,53,1.273333333,1.656720003,1.7096
1,-2.709008248,6.6,-3.689630919,5,2.05,2.66,3.0590368,-3.277171207,0.83,2.749760004,4.7,53,1.273333333,1.656720003,1.7206
1,-2.709008248,6.6,-3.689630919,5,2.05,2.66,3.0590368,-3.400777446,0.83,2.749760004,4.7,53,1.273333333,1.656720003,1.7376
11,-4.0354713,7.4,-3.178730516,5,2.02,3.98,3.4011897,-5.73747418,1.035,2.179840003,0.557,9,0.705,2.962960005,1.8154
11,-5.363237215,9.1,-3.178730516,3,1.78,3.98,3.4011897,-4.393533774,0.94,2.527200004,0.557,9,0.705,2.962960005,1.8395
1,-2.709008248,6.6,-3.154280889,5,2.05,2.66,3.0590368,-3.689630919,0.83,2.749760004,4.7,53,1.273333333,1.118000002,1.8701
1,-2.628635934,7.4,-3.689630919,5,2.02,2.66,3.0590368,-3.689630919,1.035,2.179840003,4.7,53,1.273333333,1.656720003,1.9108
1,-2.628635934,7.4,-3.689630919,5,2.02,2.66,3.0590368,-3.154280889,1.035,2.179840003,4.7,53,1.273333333,1.656720003,1.9137
1,-3.823327814,6.8,-3.277171207,3,1.61,2.66,3.0590368,-3.276070522,0.675,3.441360006,4.7,53,1.273333333,0.841360001,1.9193
1,-2.628635934,7.4,-3.689630919,5,2.02,2.66,3.0590368,-3.277171207,1.035,2.179840003,4.7,53,1.273333333,1.656720003,1.9348
1,-2.628635934,7.4,-3.689630919,5,2.02,2.66,3.0590368,-3.276070522,1.035,2.179840003,4.7,53,1.273333333,1.656720003,1.9369
1,-3.823327814,6.8,-3.277171207,3,1.61,2.66,3.0590368,-3.154280889,0.675,3.441360006,4.7,53,1.273333333,0.841360001,1.9417
1,-2.628635934,7.4,-3.689630919,5,2.02,2.66,3.0590368,-3.400777446,1.035,2.179840003,4.7,53,1.273333333,1.656720003,1.9448
1,-4.29223865,6.6,-4.699781335,5,2.05,3.98,3.4011897,-5.73747418,0.83,2.749760004,0.557,9,0.705,0.795600001,1.9469
1,-3.823327814,6.8,-3.277171207,3,1.61,2.66,3.0590368,-3.689630919,0.675,3.441360006,4.7,53,1.273333333,0.841360001,1.948
11,-4.0354713,7.4,-3.178730516,5,2.02,3.98,3.4011897,-4.55891026,1.035,2.179840003,0.557,9,0.705,2.962960005,1.9544
1,-4.29223865,6.6,-4.699781335,5,2.05,3.98,3.4011897,-4.55891026,0.83,2.749760004,0.557,9,0.705,0.795600001,1.9881
1,-2.709008248,6.6,-3.400777446,5,2.05,2.66,3.0590368,-3.689630919,0.83,2.749760004,4.7,53,1.273333333,0.795600001,1.9903
1,-2.709008248,6.6,-3.400777446,5,2.05,2.66,3.0590368,-3.154280889,0.83,2.749760004,4.7,53,1.273333333,0.795600001,1.9927
1,-3.046107912,17.8,-3.689630919,3,1.36,2.66,3.0590368,-3.689630919,0.885,3.929120006,4.7,53,1.273333333,1.656720003,2.0011
1,-3.046107912,17.8,-3.689630919,3,1.36,2.66,3.0590368,-3.154280889,0.885,3.929120006,4.7,53,1.273333333,1.656720003,2.0173
11,-4.29223865,6.6,-3.178730516,5,2.05,3.98,3.4011897,-4.540020928,0.83,2.749760004,0.557,9,0.705,2.962960005,2.0366
11,-6.088833224,17.8,-3.178730516,3,1.36,3.98,3.4011897,-4.55891026,0.885,3.929120006,0.557,9,0.705,2.962960005,2.0375
11,-3.046107912,17.8,-2.403892393,3,1.36,2.66,3.0590368,-3.400777446,0.885,3.929120006,4.7,53,1.273333333,2.962960005,2.0558
1,-3.046107912,17.8,-3.689630919,3,1.36,2.66,3.0590368,-3.276070522,0.885,3.929120006,4.7,53,1.273333333,1.656720003,2.0594
1,-3.823327814,6.8,-3.400777446,3,1.61,2.66,3.0590368,-3.689630919,0.675,3.441360006,4.7,53,1.273333333,0.795600001,2.0668
11,-3.046107912,17.8,-2.403892393,3,1.36,2.66,3.0590368,-3.277171207,0.885,3.929120006,4.7,53,1.273333333,2.962960005,2.0696
1,-3.823327814,6.8,-3.400777446,3,1.61,2.66,3.0590368,-3.154280889,0.675,3.441360006,4.7,53,1.273333333,0.795600001,2.0753
1,-3.046107912,17.8,-3.689630919,3,1.36,2.66,3.0590368,-3.277171207,0.885,3.929120006,4.7,53,1.273333333,1.656720003,2.078
1,-2.628635934,7.4,-3.154280889,5,2.02,2.66,3.0590368,-3.400777446,1.035,2.179840003,4.7,53,1.273333333,1.118000002,2.1194
1,-2.628635934,7.4,-3.154280889,5,2.02,2.66,3.0590368,-3.277171207,1.035,2.179840003,4.7,53,1.273333333,1.118000002,2.1199
1,-2.628635934,7.4,-3.154280889,5,2.02,2.66,3.0590368,-3.276070522,1.035,2.179840003,4.7,53,1.273333333,1.118000002,2.1205
1,-3.823327814,6.8,-3.400777446,3,1.61,2.66,3.0590368,-3.277171207,0.675,3.441360006,4.7,53,1.273333333,0.795600001,2.1239
1,-3.823327814,6.8,-3.400777446,3,1.61,2.66,3.0590368,-3.276070522,0.675,3.441360006,4.7,53,1.273333333,0.795600001,2.1426
1,-3.046107912,17.8,-3.154280889,3,1.36,2.66,3.0590368,-3.689630919,0.885,3.929120006,4.7,53,1.273333333,1.118000002,2.144
1,-3.046107912,17.8,-3.154280889,3,1.36,2.66,3.0590368,-3.276070522,0.885,3.929120006,4.7,53,1.273333333,1.118000002,2.194
1,-4.29223865,6.6,-4.393533774,5,2.05,3.98,3.4011897,-5.73747418,0.83,2.749760004,0.557,9,0.705,0.841360001,2.2635
1,-4.29223865,6.6,-4.393533774,5,2.05,3.98,3.4011897,-4.55891026,0.83,2.749760004,0.557,9,0.705,0.841360001,2.336
1,-2.628635934,7.4,-3.400777446,5,2.02,2.66,3.0590368,-3.154280889,1.035,2.179840003,4.7,53,1.273333333,0.795600001,2.3476
1,-2.628635934,7.4,-3.400777446,5,2.02,2.66,3.0590368,-3.689630919,1.035,2.179840003,4.7,53,1.273333333,0.795600001,2.3527
1,-2.709008248,6.6,-3.277171207,5,2.05,2.66,3.0590368,-3.400777446,0.83,2.749760004,4.7,53,1.273333333,0.841360001,2.378
1,-2.709008248,6.6,-3.277171207,5,2.05,2.66,3.0590368,-3.276070522,0.83,2.749760004,4.7,53,1.273333333,0.841360001,2.3783
1,-2.709008248,6.6,-3.277171207,5,2.05,2.66,3.0590368,-3.277171207,0.83,2.749760004,4.7,53,1.273333333,0.841360001,2.379
1,-3.046107912,17.8,-3.277171207,3,1.36,2.66,3.0590368,-3.276070522,0.885,3.929120006,4.7,53,1.273333333,0.841360001,2.3863
1,-2.628635934,7.4,-3.277171207,5,2.02,2.66,3.0590368,-3.689630919,1.035,2.179840003,4.7,53,1.273333333,0.841360001,2.3882
11,-4.0354713,7.4,-3.178730516,5,2.02,3.98,3.4011897,-4.540020928,1.035,2.179840003,0.557,9,0.705,2.962960005,2.3885
1,-3.046107912,17.8,-3.277171207,3,1.36,2.66,3.0590368,-3.277171207,0.885,3.929120006,4.7,53,1.273333333,0.841360001,2.3905
1,-2.628635934,7.4,-3.277171207,5,2.02,2.66,3.0590368,-3.154280889,1.035,2.179840003,4.7,53,1.273333333,0.841360001,2.3971
1,-3.046107912,17.8,-3.277171207,3,1.36,2.66,3.0590368,-3.400777446,0.885,3.929120006,4.7,53,1.273333333,0.841360001,2.4035
11,-5.617144145,8.12,-3.178730516,3,1.81,3.98,3.4011897,-4.393533774,0.76,2.828384005,0.557,9,0.705,2.962960005,2.4146
1,-2.709008248,6.6,-3.400777446,5,2.05,2.66,3.0590368,-3.276070522,0.83,2.749760004,4.7,53,1.273333333,0.795600001,2.4175
1,-2.709008248,6.6,-3.400777446,5,2.05,2.66,3.0590368,-3.277171207,0.83,2.749760004,4.7,53,1.273333333,0.795600001,2.4186
1,-2.709008248,6.6,-3.400777446,5,2.05,2.66,3.0590368,-3.400777446,0.83,2.749760004,4.7,53,1.273333333,0.795600001,2.4193
1,-3.046107912,17.8,-3.400777446,3,1.36,2.66,3.0590368,-3.276070522,0.885,3.929120006,4.7,53,1.273333333,0.795600001,2.4388
1,-3.046107912,17.8,-3.400777446,3,1.36,2.66,3.0590368,-3.277171207,0.885,3.929120006,4.7,53,1.273333333,0.795600001,2.4448
11,-4.0354713,7.4,-3.178730516,5,2.02,3.98,3.4011897,-4.393533774,1.035,2.179840003,0.557,9,0.705,2.962960005,2.5407
11,-4.0354713,7.4,-3.178730516,5,2.02,3.98,3.4011897,-4.699781335,1.035,2.179840003,0.557,9,0.705,2.962960005,2.7588
1,-2.628635934,7.4,-3.400777446,5,2.02,2.66,3.0590368,-3.400777446,1.035,2.179840003,4.7,53,1.273333333,0.795600001,2.8473
1,-4.0354713,7.4,-4.393533774,5,2.02,3.98,3.4011897,-5.73747418,1.035,2.179840003,0.557,9,0.705,0.841360001,2.988
11,-6.088833224,17.8,-3.178730516,3,1.36,3.98,3.4011897,-4.540020928,0.885,3.929120006,0.557,9,0.705,2.962960005,3.0266
1,-4.0354713,7.4,-4.393533774,5,2.02,3.98,3.4011897,-4.55891026,1.035,2.179840003,0.557,9,0.705,0.841360001,3.029
1,-4.29223865,6.6,-4.55891026,5,2.05,3.98,3.4011897,-5.73747418,0.83,2.749760004,0.557,9,0.705,1.118000002,3.1479
1,-4.29223865,6.6,-4.699781335,5,2.05,3.98,3.4011897,-4.393533774,0.83,2.749760004,0.557,9,0.705,0.795600001,3.3536
11,-6.088833224,17.8,-3.178730516,3,1.36,3.98,3.4011897,-4.699781335,0.885,3.929120006,0.557,9,0.705,2.962960005,3.6463
1,-4.0354713,7.4,-4.699781335,5,2.02,3.98,3.4011897,-4.540020928,1.035,2.179840003,0.557,9,0.705,0.795600001,3.7463
1,-4.29223865,6.6,-4.393533774,5,2.05,3.98,3.4011897,-4.393533774,0.83,2.749760004,0.557,9,0.705,0.841360001,3.7748
1,-4.29223865,6.6,-4.699781335,5,2.05,3.98,3.4011897,-4.699781335,0.83,2.749760004,0.557,9,0.705,0.795600001,3.7938
1,-4.29223865,6.6,-5.73747418,5,2.05,3.98,3.4011897,-4.540020928,0.83,2.749760004,0.557,9,0.705,1.656720003,4.1086
1,-4.29223865,6.6,-5.73747418,5,2.05,3.98,3.4011897,-4.699781335,0.83,2.749760004,0.557,9,0.705,1.656720003,4.1239
1,-4.29223865,6.6,-4.55891026,5,2.05,3.98,3.4011897,-4.393533774,0.83,2.749760004,0.557,9,0.705,1.118000002,4.1336
1,-4.0354713,7.4,-5.73747418,5,2.02,3.98,3.4011897,-5.73747418,1.035,2.179840003,0.557,9,0.705,1.656720003,4.1573
1,-4.0354713,7.4,-4.393533774,5,2.02,3.98,3.4011897,-4.540020928,1.035,2.179840003,0.557,9,0.705,0.841360001,4.1576
1,-5.363237215,9.1,-4.393533774,3,1.78,3.98,3.4011897,-5.73747418,0.94,2.527200004,0.557,9,0.705,0.841360001,4.1823
1,-4.29223865,6.6,-5.73747418,5,2.05,3.98,3.4011897,-4.393533774,0.83,2.749760004,0.557,9,0.705,1.656720003,4.2078
1,-5.363237215,9.1,-4.393533774,3,1.78,3.98,3.4011897,-4.55891026,0.94,2.527200004,0.557,9,0.705,0.841360001,4.2141
1,-4.29223865,6.6,-4.55891026,5,2.05,3.98,3.4011897,-4.699781335,0.83,2.749760004,0.557,9,0.705,1.118000002,4.2509
1,-5.617144145,8.12,-4.699781335,3,1.81,3.98,3.4011897,-5.73747418,0.76,2.828384005,0.557,9,0.705,0.795600001,4.3091
1,-4.0354713,7.4,-5.73747418,5,2.02,3.98,3.4011897,-4.55891026,1.035,2.179840003,0.557,9,0.705,1.656720003,4.333
1,-5.617144145,8.12,-4.699781335,3,1.81,3.98,3.4011897,-4.55891026,0.76,2.828384005,0.557,9,0.705,0.795600001,4.3563
1,-6.088833224,17.8,-4.699781335,3,1.36,3.98,3.4011897,-5.73747418,0.885,3.929120006,0.557,9,0.705,0.795600001,4.3799
1,-6.088833224,17.8,-4.699781335,3,1.36,3.98,3.4011897,-4.55891026,0.885,3.929120006,0.557,9,0.705,0.795600001,4.4185
1,-4.0354713,7.4,-5.73747418,5,2.02,3.98,3.4011897,-4.540020928,1.035,2.179840003,0.557,9,0.705,1.656720003,4.8663
1,-5.363237215,9.1,-5.73747418,3,1.78,3.98,3.4011897,-5.73747418,0.94,2.527200004,0.557,9,0.705,1.656720003,4.8697
1,-6.818069793,6.8,-4.393533774,3,1.61,3.98,3.4011897,-4.55891026,0.675,3.441360006,0.557,9,0.705,0.841360001,4.8732
1,-4.0354713,7.4,-5.73747418,5,2.02,3.98,3.4011897,-4.699781335,1.035,2.179840003,0.557,9,0.705,1.656720003,4.8814
1,-4.0354713,7.4,-4.55891026,5,2.02,3.98,3.4011897,-4.393533774,1.035,2.179840003,0.557,9,0.705,1.118000002,4.9278
1,-5.363237215,9.1,-4.55891026,3,1.78,3.98,3.4011897,-4.393533774,0.94,2.527200004,0.557,9,0.705,1.118000002,5.2802
1,-5.363237215,9.1,-5.73747418,3,1.78,3.98,3.4011897,-4.540020928,0.94,2.527200004,0.557,9,0.705,1.656720003,5.2851
1,-5.363237215,9.1,-4.55891026,3,1.78,3.98,3.4011897,-4.699781335,0.94,2.527200004,0.557,9,0.705,1.118000002,5.3199
1,-5.617144145,8.12,-4.699781335,3,1.81,3.98,3.4011897,-4.540020928,0.76,2.828384005,0.557,9,0.705,0.795600001,5.3339
1,-5.617144145,8.12,-4.55891026,3,1.81,3.98,3.4011897,-4.55891026,0.76,2.828384005,0.557,9,0.705,1.118000002,5.338
1,-5.617144145,8.12,-4.55891026,3,1.81,3.98,3.4011897,-5.73747418,0.76,2.828384005,0.557,9,0.705,1.118000002,5.3488
1,-5.363237215,9.1,-4.393533774,3,1.78,3.98,3.4011897,-4.699781335,0.94,2.527200004,0.557,9,0.705,0.841360001,5.4004
1,-6.088833224,17.8,-4.55891026,3,1.36,3.98,3.4011897,-5.73747418,0.885,3.929120006,0.557,9,0.705,1.118000002,5.503
1,-6.088833224,17.8,-4.699781335,3,1.36,3.98,3.4011897,-4.540020928,0.885,3.929120006,0.557,9,0.705,0.795600001,5.5097
1,-5.617144145,8.12,-4.699781335,3,1.81,3.98,3.4011897,-4.393533774,0.76,2.828384005,0.557,9,0.705,0.795600001,5.5413
1,-5.617144145,8.12,-4.393533774,3,1.81,3.98,3.4011897,-4.540020928,0.76,2.828384005,0.557,9,0.705,0.841360001,5.5843
1,-6.088833224,17.8,-4.55891026,3,1.36,3.98,3.4011897,-4.55891026,0.885,3.929120006,0.557,9,0.705,1.118000002,5.5946
1,-6.818069793,6.8,-4.699781335,3,1.61,3.98,3.4011897,-4.540020928,0.675,3.441360006,0.557,9,0.705,0.795600001,5.6487
1,-6.818069793,6.8,-5.73747418,3,1.61,3.98,3.4011897,-5.73747418,0.675,3.441360006,0.557,9,0.705,1.656720003,6.4887
1,-6.818069793,6.8,-4.393533774,3,1.61,3.98,3.4011897,-4.699781335,0.675,3.441360006,0.557,9,0.705,0.841360001,6.4919
1,-5.617144145,8.12,-4.55891026,3,1.81,3.98,3.4011897,-4.540020928,0.76,2.828384005,0.557,9,0.705,1.118000002,5.9728
1,-5.617144145,8.12,-5.73747418,3,1.81,3.98,3.4011897,-4.393533774,0.76,2.828384005,0.557,9,0.705,1.656720003,6.0214
1,-6.088833224,17.8,-5.73747418,3,1.36,3.98,3.4011897,-4.55891026,0.885,3.929120006,0.557,9,0.705,1.656720003,6.0395
1,-5.617144145,8.12,-5.73747418,3,1.81,3.98,3.4011897,-5.73747418,0.76,2.828384005,0.557,9,0.705,1.656720003,5.7662
1,-6.088833224,17.8,-4.699781335,3,1.36,3.98,3.4011897,-4.393533774,0.885,3.929120006,0.557,9,0.705,0.795600001,5.7765
1,-6.818069793,6.8,-4.55891026,3,1.61,3.98,3.4011897,-5.73747418,0.675,3.441360006,0.557,9,0.705,1.118000002,5.8103
1,-5.617144145,8.12,-5.73747418,3,1.81,3.98,3.4011897,-4.699781335,0.76,2.828384005,0.557,9,0.705,1.656720003,5.8125
4,-1.288829967,5.75,-3.870140802,12,1.65,2.66,3.0590368,-3.400777446,0.88,1.356160002,4.7,53,1.273333333,2.030080003,0.3564
4,-2.072539693,10.6,-3.976541798,2,1.31,2.66,3.0590368,-3.276070522,0.86,1.529840002,4.7,53,1.273333333,3.132480005,1.5178
4,-2.072539693,10.6,-3.976541798,2,1.31,2.66,3.0590368,-3.277171207,0.86,1.529840002,4.7,53,1.273333333,3.132480005,1.5319
4,-2.650169631,5.6,-4.233328196,2,1.57,2.66,3.0590368,-3.154280889,0.59,3.369600005,4.7,53,1.273333333,3.868800006,0.7918
4,-2.650169631,5.6,-4.233328196,2,1.57,2.66,3.0590368,-3.277171207,0.59,3.369600005,4.7,53,1.273333333,3.868800006,0.9045
4,-5.897092546,5.6,-6.409916222,2,1.57,3.98,3.4011897,-2.766317607,0.59,3.369600005,0.557,9,0.705,3.868800006,0.4363
2,-2.072539693,10.6,-2.650169631,2,1.31,2.66,3.0590368,-3.154280889,0.86,1.529840002,4.7,53,1.273333333,3.369600005,0.3714
2,-4.070800974,6.2,-5.897092546,11,1.9,3.98,3.4011897,-4.55891026,0.82,3.508960006,0.557,9,0.705,3.369600005,0.0034
2,-2.072539693,10.6,-2.650169631,2,1.31,2.66,3.0590368,-3.276070522,0.86,1.529840002,4.7,53,1.273333333,3.369600005,0.4317
2,-3.751960163,9.4,-5.897092546,7,1.55,3.98,3.4011897,-3.178730516,0.648333333,2.946320005,0.557,9,0.705,3.369600005,0.1524
2,-1.288829967,5.75,-2.072539693,12,1.65,2.66,3.0590368,-3.277171207,0.88,1.356160002,4.7,53,1.273333333,1.529840002,0.073
2,-1.288829967,5.75,-3.015577986,12,1.65,2.66,3.0590368,-3.276070522,0.88,1.356160002,4.7,53,1.273333333,1.849120003,1.4376
2,-1.288829967,5.75,-3.015577986,12,1.65,2.66,3.0590368,-3.400777446,0.88,1.356160002,4.7,53,1.273333333,1.849120003,1.3705
2,-1.046595196,7.5,-3.345271088,9,1.91,2.66,3.0590368,-3.276070522,0.768333333,4.437680007,4.7,53,1.273333333,1.862640003,0.0028
2,-1.046595196,7.5,-3.345271088,9,1.91,2.66,3.0590368,-3.277171207,0.768333333,4.437680007,4.7,53,1.273333333,1.862640003,0.0019
2,-2.190810671,4.8,-3.345271088,10,2.2,2.66,3.0590368,-3.277171207,0.84625,3.916640006,4.7,53,1.273333333,1.862640003,0.0105
2,-2.998163763,6.5,-3.345271088,10,2.28,2.66,3.0590368,-3.277171207,0.805,5.883280009,4.7,53,1.273333333,1.862640003,0.0008
2,-4.554997046,6.8,-3.345271088,10,1.88,2.66,3.0590368,-3.400777446,0.74,4.473040007,4.7,53,1.273333333,1.862640003,0.434
1,-3.534946316,9.1,-3.689630919,3,1.78,2.66,3.0590368,-3.276070522,0.94,2.527200004,4.7,53,1.273333333,1.656720003,0.3824
11,-2.709008248,6.6,-3.015509414,5,2.05,2.66,3.0590368,-3.276070522,0.83,2.749760004,4.7,53,1.273333333,3.508960006,0.0007
11,-2.628635934,7.4,-2.223243462,5,2.02,2.66,3.0590368,-3.276070522,1.035,2.179840003,4.7,53,1.273333333,3.829280006,0.0074
1,-3.534946316,9.1,-3.154280889,3,1.78,2.66,3.0590368,-3.277171207,0.94,2.527200004,4.7,53,1.273333333,1.118000002,0.6439
11,-2.709008248,6.6,-2.403892393,5,2.05,2.66,3.0590368,-3.277171207,0.83,2.749760004,4.7,53,1.273333333,2.962960005,0.2758
11,-2.628635934,7.4,-2.223243462,5,2.02,2.66,3.0590368,-3.277171207,1.035,2.179840003,4.7,53,1.273333333,3.829280006,0.0073
11,-2.709008248,6.6,-2.223243462,5,2.05,2.66,3.0590368,-3.400777446,0.83,2.749760004,4.7,53,1.273333333,3.829280006,0.0192
4,-2.072539693,10.6,-3.976541798,2,1.31,2.66,3.0590368,-3.400777446,0.86,1.529840002,4.7,53,1.273333333,3.132480005,1.5661
4,-5.897092546,5.6,-6.409916222,2,1.57,3.98,3.4011897,-3.178730516,0.59,3.369600005,0.557,9,0.705,3.868800006,1.7737
2,-3.751960163,9.4,-5.897092546,7,1.55,3.98,3.4011897,-4.55891026,0.648333333,2.946320005,0.557,9,0.705,3.369600005,2.2125
2,-1.583164824,9.4,-3.345271088,7,1.55,2.66,3.0590368,-3.277171207,0.648333333,2.946320005,4.7,53,1.273333333,1.862640003,1.7487
2,-1.288829967,5.75,-3.015577986,12,1.65,2.66,3.0590368,-3.277171207,0.88,1.356160002,4.7,53,1.273333333,1.849120003,1.4013
4,-2.072539693,10.6,-3.870140802,2,1.31,2.66,3.0590368,-3.276070522,0.86,1.529840002,4.7,53,1.273333333,2.030080003,2.0195
4,-2.072539693,10.6,-3.870140802,2,1.31,2.66,3.0590368,-3.277171207,0.86,1.529840002,4.7,53,1.273333333,2.030080003,2.0039
1,-2.709008248,6.6,-3.154280889,5,2.05,2.66,3.0590368,-3.276070522,0.83,2.749760004,4.7,53,1.273333333,1.118000002,1.8546
1,-2.709008248,6.6,-3.154280889,5,2.05,2.66,3.0590368,-3.277171207,0.83,2.749760004,4.7,53,1.273333333,1.118000002,1.8535
1,-2.709008248,6.6,-3.154280889,5,2.05,2.66,3.0590368,-3.400777446,0.83,2.749760004,4.7,53,1.273333333,1.118000002,1.8914
10,-1.288829967,5.75,-4.554997046,12,1.65,2.66,3.0590368,-3.154280889,0.88,1.356160002,4.7,53,1.273333333,4.473040007,0.0098
10,-1.288829967,5.75,-4.554997046,12,1.65,2.66,3.0590368,-3.276070522,0.88,1.356160002,4.7,53,1.273333333,4.473040007,0.0028
4,-2.650169631,5.6,-3.870140802,2,1.57,2.66,3.0590368,-3.400777446,0.59,3.369600005,4.7,53,1.273333333,2.030080003,1.3676
4,-2.072539693,10.6,-4.233328196,2,1.31,2.66,3.0590368,-3.400777446,0.86,1.529840002,4.7,53,1.273333333,3.868800006,0.7534
2,-2.71233833,7.6,-5.897092546,9,2.2,3.98,3.4011897,-5.73747418,0.765,6.957600011,0.557,9,0.705,3.369600005,0.006
2,-2.837697502,7.5,-5.897092546,9,1.91,3.98,3.4011897,-4.55891026,0.768333333,4.437680007,0.557,9,0.705,3.369600005,0.0039
2,-2.71233833,7.6,-5.897092546,9,2.2,3.98,3.4011897,-4.55891026,0.765,6.957600011,0.557,9,0.705,3.369600005,0.006
4,-2.650169631,5.6,-3.976541798,2,1.57,2.66,3.0590368,-3.154280889,0.59,3.369600005,4.7,53,1.273333333,3.132480005,0.427544469
4,-2.650169631,5.6,-3.976541798,2,1.57,2.66,3.0590368,-3.277171207,0.59,3.369600005,4.7,53,1.273333333,3.132480005,0.286070623
4,-1.583164824,9.4,-3.870140802,7,1.55,2.66,3.0590368,-3.276070522,0.648333333,2.946320005,4.7,53,1.273333333,2.030080003,1.0382
4,-1.583164824,9.4,-3.870140802,7,1.55,2.66,3.0590368,-3.277171207,0.648333333,2.946320005,4.7,53,1.273333333,2.030080003,1.053
4,-3.349766345,5.5,-3.870140802,6,2.1,2.66,3.0590368,-3.277171207,1.293333333,2.044640003,4.7,53,1.273333333,2.030080003,0.0045
4,-3.349766345,5.5,-3.870140802,6,2.1,2.66,3.0590368,-3.400777446,1.293333333,2.044640003,4.7,53,1.273333333,2.030080003,0.0039
4,-1.288829967,5.75,-3.976541798,12,1.65,2.66,3.0590368,-3.276070522,0.88,1.356160002,4.7,53,1.273333333,3.132480005,0.335
4,-1.288829967,5.75,-4.233328196,12,1.65,2.66,3.0590368,-3.276070522,0.88,1.356160002,4.7,53,1.273333333,3.868800006,0.3832
2,-1.288829967,5.75,-2.650169631,12,1.65,2.66,3.0590368,-3.154280889,0.88,1.356160002,4.7,53,1.273333333,3.369600005,0.0004
2,-1.288829967,5.75,-2.650169631,12,1.65,2.66,3.0590368,-3.276070522,0.88,1.356160002,4.7,53,1.273333333,3.369600005,0.0011
2,-3.015509414,6.2,-3.345271088,11,1.9,2.66,3.0590368,-3.400777446,0.82,3.508960006,4.7,53,1.273333333,1.862640003,0.001
11,-2.628635934,7.4,-3.015509414,5,2.02,2.66,3.0590368,-3.400777446,1.035,2.179840003,4.7,53,1.273333333,3.508960006,0.3173
4,-1.583164824,9.4,-4.233328196,7,1.55,2.66,3.0590368,-3.276070522,0.648333333,2.946320005,4.7,53,1.273333333,3.868800006,0.5361
2,-1.583164824,9.4,-2.650169631,7,1.55,2.66,3.0590368,-3.154280889,0.648333333,2.946320005,4.7,53,1.273333333,3.369600005,0.0114
2,-1.583164824,9.4,-2.650169631,7,1.55,2.66,3.0590368,-3.276070522,0.648333333,2.946320005,4.7,53,1.273333333,3.369600005,0.1434
2,-1.583164824,9.4,-2.072539693,7,1.55,2.66,3.0590368,-3.276070522,0.648333333,2.946320005,4.7,53,1.273333333,1.529840002,0.987
2,-1.583164824,9.4,-2.072539693,7,1.55,2.66,3.0590368,-3.277171207,0.648333333,2.946320005,4.7,53,1.273333333,1.529840002,0.9915
2,-1.583164824,9.4,-3.015577986,7,1.55,2.66,3.0590368,-3.276070522,0.648333333,2.946320005,4.7,53,1.273333333,1.849120003,1.7578
2,-1.583164824,9.4,-3.015577986,7,1.55,2.66,3.0590368,-3.277171207,0.648333333,2.946320005,4.7,53,1.273333333,1.849120003,1.7954
2,-1.583164824,9.4,-3.034095072,7,1.55,2.66,3.0590368,-3.276070522,0.648333333,2.946320005,4.7,53,1.273333333,1.705600003,1.7944
2,-1.583164824,9.4,-3.034095072,7,1.55,2.66,3.0590368,-3.277171207,0.648333333,2.946320005,4.7,53,1.273333333,1.705600003,1.8271
1,-3.015577986,8.12,-3.276070522,3,1.81,2.66,3.0590368,-3.400777446,0.76,2.828384005,4.7,53,1.273333333,0.925600001,0.8228
1,-3.015577986,8.12,-3.276070522,3,1.81,2.66,3.0590368,-3.277171207,0.76,2.828384005,4.7,53,1.273333333,0.925600001,0.8307
1,-3.015577986,8.12,-3.276070522,3,1.81,2.66,3.0590368,-3.276070522,0.76,2.828384005,4.7,53,1.273333333,0.925600001,0.834
1,-3.015577986,8.12,-3.276070522,3,1.81,2.66,3.0590368,-3.154280889,0.76,2.828384005,4.7,53,1.273333333,0.925600001,0.8463
1,-3.015577986,8.12,-3.276070522,3,1.81,2.66,3.0590368,-3.689630919,0.76,2.828384005,4.7,53,1.273333333,0.925600001,0.8484
1,-3.534946316,9.1,-3.276070522,3,1.78,2.66,3.0590368,-3.400777446,0.94,2.527200004,4.7,53,1.273333333,0.925600001,1.2557
1,-3.534946316,9.1,-3.276070522,3,1.78,2.66,3.0590368,-3.277171207,0.94,2.527200004,4.7,53,1.273333333,0.925600001,1.2666
1,-3.534946316,9.1,-3.276070522,3,1.78,2.66,3.0590368,-3.276070522,0.94,2.527200004,4.7,53,1.273333333,0.925600001,1.2756
1,-3.534946316,9.1,-3.276070522,3,1.78,2.66,3.0590368,-3.154280889,0.94,2.527200004,4.7,53,1.273333333,0.925600001,1.2903
1,-3.534946316,9.1,-3.276070522,3,1.78,2.66,3.0590368,-3.689630919,0.94,2.527200004,4.7,53,1.273333333,0.925600001,1.2948
1,-3.823327814,6.8,-3.276070522,3,1.61,2.66,3.0590368,-3.400777446,0.675,3.441360006,4.7,53,1.273333333,0.925600001,1.7421
1,-3.046107912,17.8,-3.276070522,3,1.36,2.66,3.0590368,-3.689630919,0.885,3.929120006,4.7,53,1.273333333,0.925600001,2.2749
1,-2.709008248,6.6,-3.276070522,5,2.05,2.66,3.0590368,-3.689630919,0.83,2.749760004,4.7,53,1.273333333,0.925600001,2.2805
1,-3.046107912,17.8,-3.276070522,3,1.36,2.66,3.0590368,-3.154280889,0.885,3.929120006,4.7,53,1.273333333,0.925600001,2.2816
1,-3.046107912,17.8,-3.276070522,3,1.36,2.66,3.0590368,-3.277171207,0.885,3.929120006,4.7,53,1.273333333,0.925600001,2.3381
1,-2.709008248,6.6,-3.276070522,5,2.05,2.66,3.0590368,-3.400777446,0.83,2.749760004,4.7,53,1.273333333,0.925600001,2.3455
1,-3.046107912,17.8,-3.276070522,3,1.36,2.66,3.0590368,-3.400777446,0.885,3.929120006,4.7,53,1.273333333,0.925600001,2.3499
1,-2.709008248,6.6,-3.276070522,5,2.05,2.66,3.0590368,-3.277171207,0.83,2.749760004,4.7,53,1.273333333,0.925600001,2.3519
1,-2.709008248,6.6,-3.276070522,5,2.05,2.66,3.0590368,-3.276070522,0.83,2.749760004,4.7,53,1.273333333,0.925600001,2.3552
1,-2.628635934,7.4,-3.276070522,5,2.02,2.66,3.0590368,-3.689630919,1.035,2.179840003,4.7,53,1.273333333,0.925600001,2.4054
1,-2.628635934,7.4,-3.276070522,5,2.02,2.66,3.0590368,-3.154280889,1.035,2.179840003,4.7,53,1.273333333,0.925600001,2.4267
1,-4.29223865,6.6,-4.540020928,5,2.05,3.98,3.4011897,-5.73747418,0.83,2.749760004,0.557,9,0.705,0.925600001,2.5607
1,-2.628635934,7.4,-3.276070522,5,2.02,2.66,3.0590368,-3.400777446,1.035,2.179840003,4.7,53,1.273333333,0.925600001,2.5729
1,-2.628635934,7.4,-3.276070522,5,2.02,2.66,3.0590368,-3.277171207,1.035,2.179840003,4.7,53,1.273333333,0.925600001,2.5862
1,-2.628635934,7.4,-3.276070522,5,2.02,2.66,3.0590368,-3.276070522,1.035,2.179840003,4.7,53,1.273333333,0.925600001,2.5918
1,-4.29223865,6.6,-4.540020928,5,2.05,3.98,3.4011897,-4.55891026,0.83,2.749760004,0.557,9,0.705,0.925600001,2.6509
1,-4.29223865,6.6,-4.540020928,5,2.05,3.98,3.4011897,-4.699781335,0.83,2.749760004,0.557,9,0.705,0.925600001,4.1987
1,-5.617144145,8.12,-4.540020928,3,1.81,3.98,3.4011897,-5.73747418,0.76,2.828384005,0.557,9,0.705,0.925600001,4.9068
1,-5.363237215,9.1,-4.540020928,3,1.78,3.98,3.4011897,-4.393533774,0.94,2.527200004,0.557,9,0.705,0.925600001,5.3244
1,-5.363237215,9.1,-4.540020928,3,1.78,3.98,3.4011897,-4.699781335,0.94,2.527200004,0.557,9,0.705,0.925600001,5.4939
1,-5.617144145,8.12,-4.540020928,3,1.81,3.98,3.4011897,-4.699781335,0.76,2.828384005,0.557,9,0.705,0.925600001,6.0556
1,-5.617144145,8.12,-4.540020928,3,1.81,3.98,3.4011897,-4.540020928,0.76,2.828384005,0.557,9,0.705,0.925600001,5.7933
9,-2.837114098,4.8,-1.921753201,10,2.2,3.16,3.612725,-4.684686849,0.84625,3.916640006,2.18,17,0.78,4.437680007,0.0008
9,-3.89903072,5.5,-1.921753201,6,2.1,3.16,3.612725,-4.684686849,1.293333333,2.044640003,2.18,17,0.78,4.437680007,0.0048
10,-2.013153862,4.8,-5.262083316,10,2.2,2.96,3.3635882,-4.273256801,0.84625,3.916640006,3.05,35,0.8825,4.473040007,0.0
10,-3.656626969,5.5,-5.262083316,6,2.1,2.96,3.3635882,-4.273256801,1.293333333,2.044640003,3.05,35,0.8825,4.473040007,0.5815
9,-3.656626969,5.5,-1.125609138,6,2.1,2.96,3.3635882,-3.629490255,1.293333333,2.044640003,3.05,35,0.8825,4.437680007,0.0099
12,-2.837114098,4.8,-2.016813197,10,2.2,3.16,3.612725,-3.955721302,0.84625,3.916640006,2.18,17,0.78,1.356160002,0.0029
12,-3.89903072,5.5,-2.016813197,6,2.1,3.16,3.612725,-3.955721302,1.293333333,2.044640003,2.18,17,0.78,1.356160002,0.0257
2,-2.013153862,4.8,-3.409421293,10,2.2,2.96,3.3635882,-3.709164607,0.84625,3.916640006,3.05,35,0.8825,3.369600005,0.0046
2,-3.656626969,5.5,-3.409421293,6,2.1,2.96,3.3635882,-3.709164607,1.293333333,2.044640003,3.05,35,0.8825,3.369600005,0.0021
10,-2.837114098,4.8,-5.337757107,10,2.2,3.16,3.612725,-3.99502,0.84625,3.916640006,2.18,17,0.78,4.473040007,0.009
10,-3.89903072,5.5,-5.337757107,6,2.1,3.16,3.612725,-3.99502,1.293333333,2.044640003,2.18,17,0.78,4.473040007,0.0042
12,-2.013153862,4.8,-1.733257706,10,2.2,2.96,3.3635882,-3.709164607,0.84625,3.916640006,3.05,35,0.8825,1.356160002,0.0065
12,-3.656626969,5.5,-1.733257706,6,2.1,2.96,3.3635882,-3.709164607,1.293333333,2.044640003,3.05,35,0.8825,1.356160002,0.0145
9,-2.837114098,4.8,-1.921753201,10,2.2,3.16,3.612725,-4.016865235,0.84625,3.916640006,2.18,17,0.78,4.437680007,0.0021
9,-3.89903072,5.5,-1.921753201,6,2.1,3.16,3.612725,-4.016865235,1.293333333,2.044640003,2.18,17,0.78,4.437680007,0.0027
10,-2.013153862,4.8,-5.262083316,10,2.2,2.96,3.3635882,-3.75,0.84625,3.916640006,3.05,35,0.8825,4.473040007,0.0036
10,-3.656626969,5.5,-5.262083316,6,2.1,2.96,3.3635882,-3.75,1.293333333,2.044640003,3.05,35,0.8825,4.473040007,0.0072
2,-2.837114098,4.8,-4.023792611,10,2.2,3.16,3.612725,-4.169720578,0.84625,3.916640006,2.18,17,0.78,3.369600005,0.0036
2,-3.89903072,5.5,-4.023792611,6,2.1,3.16,3.612725,-4.169720578,1.293333333,2.044640003,2.18,17,0.78,3.369600005,0.002
9,-2.013153862,4.8,-1.125609138,10,2.2,2.96,3.3635882,-3.864613159,0.84625,3.916640006,3.05,35,0.8825,4.437680007,0.0015
9,-3.656626969,5.5,-1.125609138,6,2.1,2.96,3.3635882,-3.864613159,1.293333333,2.044640003,3.05,35,0.8825,4.437680007,0.002
12,-2.837114098,4.8,-2.016813197,10,2.2,3.16,3.612725,-4.169720578,0.84625,3.916640006,2.18,17,0.78,1.356160002,0.0054
12,-3.89903072,5.5,-2.016813197,6,2.1,3.16,3.612725,-4.169720578,1.293333333,2.044640003,2.18,17,0.78,1.356160002,0.0246
12,-2.013153862,4.8,-1.733257706,10,2.2,2.96,3.3635882,-3.401724661,0.84625,3.916640006,3.05,35,0.8825,1.356160002,0.0034
4,-2.692899064,10.6,-4.305016664,2,1.31,2.96,3.3635882,-2.710961454,0.86,1.529840002,3.05,35,0.8825,2.030080003,0.5862
4,-3.694213796,23.5,-4.451522864,2,0.95,2.96,3.3635882,-2.710961454,1.32,1.705600003,3.05,35,0.8825,3.132480005,0.0073
4,-3.230996045,6.5,-4.451522864,10,2.28,2.96,3.3635882,-2.710961454,0.805,5.883280009,3.05,35,0.8825,3.132480005,0.0002
4,-0.508989374,9.4,-4.760746764,7,1.55,2.96,3.3635882,-2.710961454,0.648333333,2.946320005,3.05,35,0.8825,3.868800006,0.0061
2,-1.125609138,7.5,-3.409421293,9,1.91,2.96,3.3635882,-2.710961454,0.768333333,4.437680007,3.05,35,0.8825,3.369600005,0.0034
2,-3.401724661,6.2,-2.692899064,11,1.9,2.96,3.3635882,-2.710961454,0.82,3.508960006,3.05,35,0.8825,1.529840002,0.0051
2,-2.013153862,4.8,-3.706595889,10,2.2,2.96,3.3635882,-2.710961454,0.84625,3.916640006,3.05,35,0.8825,1.849120003,0.0008
7,-3.230996045,6.5,-0.508989374,10,2.28,2.96,3.3635882,-2.448266732,0.805,5.883280009,3.05,35,0.8825,2.946320005,0.0027
10,-3.401724661,6.2,-5.262083316,11,1.9,2.96,3.3635882,-2.448266732,0.82,3.508960006,3.05,35,0.8825,4.473040007,0.0038
11,-2.013153862,4.8,-3.401724661,10,2.2,2.96,3.3635882,-2.448266732,0.84625,3.916640006,3.05,35,0.8825,3.508960006,0.0087
12,-3.230996045,6.5,-1.733257706,10,2.28,2.96,3.3635882,-2.448266732,0.805,5.883280009,3.05,35,0.8825,1.356160002,0.0395
7,-5.262083316,6.8,-0.508989374,10,1.88,2.96,3.3635882,-3.629490255,0.74,4.473040007,3.05,35,0.8825,2.946320005,0.2677
4,-4.919035872,8.4,-4.451522864,8,1.83,2.96,3.3635882,-3.709164607,0.8525,4.321200007,3.05,35,0.8825,3.132480005,0.0006
2,-4.919035872,8.4,-3.409421293,8,1.83,2.96,3.3635882,-3.709164607,0.8525,4.321200007,3.05,35,0.8825,3.369600005,0.0003
2,-5.262083316,6.8,-2.692899064,10,1.88,2.96,3.3635882,-3.709164607,0.74,4.473040007,3.05,35,0.8825,1.529840002,0.1859
7,-1.733257706,5.75,-0.508989374,12,1.65,2.96,3.3635882,-3.709164607,0.88,1.356160002,3.05,35,0.8825,2.946320005,0.4222
4,-4.919035872,8.4,-4.451522864,8,1.83,2.96,3.3635882,-3.75,0.8525,4.321200007,3.05,35,0.8825,3.132480005,0.0001
2,-4.919035872,8.4,-2.692899064,8,1.83,2.96,3.3635882,-3.75,0.8525,4.321200007,3.05,35,0.8825,1.529840002,0.0002
2,-4.218843508,23.5,-4.023792611,2,0.95,3.16,3.612725,-4.684686849,1.32,1.705600003,2.18,17,0.78,3.369600005,3.6788
2,-3.694213796,23.5,-3.409421293,2,0.95,2.96,3.3635882,-3.629490255,1.32,1.705600003,3.05,35,0.8825,3.369600005,2.9393
2,-4.218843508,23.5,-4.023792611,2,0.95,3.16,3.612725,-4.016865235,1.32,1.705600003,2.18,17,0.78,3.369600005,4.9991
2,-3.694213796,23.5,-3.409421293,2,0.95,2.96,3.3635882,-3.864613159,1.32,1.705600003,3.05,35,0.8825,3.369600005,3.4898
4,-3.409421293,5.6,-4.305016664,2,1.57,2.96,3.3635882,-3.629490255,0.59,3.369600005,3.05,35,0.8825,2.030080003,2.3584
4,-3.409421293,5.6,-4.305016664,2,1.57,2.96,3.3635882,-3.709164607,0.59,3.369600005,3.05,35,0.8825,2.030080003,2.365
4,-3.409421293,5.6,-4.760746764,2,1.57,2.96,3.3635882,-3.629490255,0.59,3.369600005,3.05,35,0.8825,3.868800006,1.6232
4,-2.692899064,10.6,-4.760746764,2,1.31,2.96,3.3635882,-3.709164607,0.86,1.529840002,3.05,35,0.8825,3.868800006,2.3462
2,-1.733257706,5.75,-2.692899064,12,1.65,2.96,3.3635882,-3.709164607,0.88,1.356160002,3.05,35,0.8825,1.529840002,1.4204
7,-2.016813197,5.75,-2.56965337,12,1.65,3.16,3.612725,-3.99502,0.88,1.356160002,2.18,17,0.78,2.946320005,1.3502
2,-3.205943693,10.6,-4.023792611,2,1.31,3.16,3.612725,-2.931950148,0.86,1.529840002,2.18,17,0.78,3.369600005,1.5658
2,-2.016813197,5.75,-4.023792611,12,1.65,3.16,3.612725,-2.931950148,0.88,1.356160002,2.18,17,0.78,3.369600005,1.3482
11,-3.094295872,6.6,-2.710961454,5,2.05,2.96,3.3635882,-3.709164607,0.83,2.749760004,3.05,35,0.8825,2.962960005,0.8403
11,-4.242998713,8.12,-2.931950148,3,1.81,3.16,3.612725,-4.684686849,0.76,2.828384005,2.18,17,0.78,2.962960005,0.8554
11,-3.094295872,6.6,-2.710961454,5,2.05,2.96,3.3635882,-3.75,0.83,2.749760004,3.05,35,0.8825,2.962960005,0.8643
11,-4.242998713,8.12,-2.931950148,3,1.81,3.16,3.612725,-3.955721302,0.76,2.828384005,2.18,17,0.78,2.962960005,0.8719
11,-3.094295872,6.6,-2.710961454,5,2.05,2.96,3.3635882,-3.864613159,0.83,2.749760004,3.05,35,0.8825,2.962960005,0.9002
11,-4.242998713,8.12,-2.931950148,3,1.81,3.16,3.612725,-3.99502,0.76,2.828384005,2.18,17,0.78,2.962960005,0.9109
11,-3.27283595,7.4,-3.638107435,5,2.02,3.16,3.612725,-4.169720578,1.035,2.179840003,2.18,17,0.78,3.508960006,0.9321
11,-3.27283595,7.4,-3.638107435,5,2.02,3.16,3.612725,-4.016865235,1.035,2.179840003,2.18,17,0.78,3.508960006,0.9356
11,-3.27283595,7.4,-3.638107435,5,2.02,3.16,3.612725,-3.99502,1.035,2.179840003,2.18,17,0.78,3.508960006,0.9392
11,-4.242998713,8.12,-2.931950148,3,1.81,3.16,3.612725,-4.016865235,0.76,2.828384005,2.18,17,0.78,2.962960005,0.9453
11,-3.27283595,7.4,-3.638107435,5,2.02,3.16,3.612725,-3.955721302,1.035,2.179840003,2.18,17,0.78,3.508960006,0.9465
11,-3.27283595,7.4,-3.638107435,5,2.02,3.16,3.612725,-4.684686849,1.035,2.179840003,2.18,17,0.78,3.508960006,0.9501
11,-4.431521419,9.1,-2.931950148,3,1.78,3.16,3.612725,-4.684686849,0.94,2.527200004,2.18,17,0.78,2.962960005,0.973
11,-4.431521419,9.1,-2.931950148,3,1.78,3.16,3.612725,-3.955721302,0.94,2.527200004,2.18,17,0.78,2.962960005,0.9842
11,-4.431521419,9.1,-2.931950148,3,1.78,3.16,3.612725,-3.99502,0.94,2.527200004,2.18,17,0.78,2.962960005,1.0127
11,-4.242998713,8.12,-2.931950148,3,1.81,3.16,3.612725,-4.169720578,0.76,2.828384005,2.18,17,0.78,2.962960005,1.0157
11,-4.431521419,9.1,-2.931950148,3,1.78,3.16,3.612725,-4.016865235,0.94,2.527200004,2.18,17,0.78,2.962960005,1.0358
11,-4.431521419,9.1,-2.931950148,3,1.78,3.16,3.612725,-4.169720578,0.94,2.527200004,2.18,17,0.78,2.962960005,1.083
11,-4.526240733,6.8,-2.710961454,3,1.61,2.96,3.3635882,-4.273256801,0.675,3.441360006,3.05,35,0.8825,2.962960005,1.1847
11,-4.526240733,6.8,-2.710961454,3,1.61,2.96,3.3635882,-3.629490255,0.675,3.441360006,3.05,35,0.8825,2.962960005,1.1933
1,-3.706595889,8.12,-4.273256801,3,1.81,2.96,3.3635882,-3.75,0.76,2.828384005,3.05,35,0.8825,1.656720003,1.1999
1,-3.706595889,8.12,-4.273256801,3,1.81,2.96,3.3635882,-3.709164607,0.76,2.828384005,3.05,35,0.8825,1.656720003,1.203
11,-4.526240733,6.8,-2.710961454,3,1.61,2.96,3.3635882,-3.864613159,0.675,3.441360006,3.05,35,0.8825,2.962960005,1.2033
1,-3.706595889,8.12,-4.273256801,3,1.81,2.96,3.3635882,-3.864613159,0.76,2.828384005,3.05,35,0.8825,1.656720003,1.2039
11,-4.526240733,6.8,-2.710961454,3,1.61,2.96,3.3635882,-3.709164607,0.675,3.441360006,3.05,35,0.8825,2.962960005,1.1673
11,-4.526240733,6.8,-2.710961454,3,1.61,2.96,3.3635882,-3.75,0.675,3.441360006,3.05,35,0.8825,2.962960005,1.2152
1,-3.706595889,8.12,-4.273256801,3,1.81,2.96,3.3635882,-3.629490255,0.76,2.828384005,3.05,35,0.8825,1.656720003,1.2177
1,-3.706595889,8.12,-4.273256801,3,1.81,2.96,3.3635882,-4.273256801,0.76,2.828384005,3.05,35,0.8825,1.656720003,1.2217
11,-2.995223886,7.4,-2.710961454,5,2.02,2.96,3.3635882,-4.273256801,1.035,2.179840003,3.05,35,0.8825,2.962960005,1.2721
11,-3.393197278,6.6,-2.931950148,5,2.05,3.16,3.612725,-4.684686849,0.83,2.749760004,2.18,17,0.78,2.962960005,1.2816
11,-2.995223886,7.4,-2.710961454,5,2.02,2.96,3.3635882,-3.629490255,1.035,2.179840003,3.05,35,0.8825,2.962960005,1.2818
11,-3.393197278,6.6,-2.931950148,5,2.05,3.16,3.612725,-3.955721302,0.83,2.749760004,2.18,17,0.78,2.962960005,1.2961
11,-2.995223886,7.4,-2.710961454,5,2.02,2.96,3.3635882,-3.709164607,1.035,2.179840003,3.05,35,0.8825,2.962960005,1.3113
11,-2.995223886,7.4,-2.710961454,5,2.02,2.96,3.3635882,-3.75,1.035,2.179840003,3.05,35,0.8825,2.962960005,1.3184
11,-3.393197278,6.6,-2.931950148,5,2.05,3.16,3.612725,-3.99502,0.83,2.749760004,2.18,17,0.78,2.962960005,1.3276
11,-2.995223886,7.4,-2.710961454,5,2.02,2.96,3.3635882,-3.864613159,1.035,2.179840003,3.05,35,0.8825,2.962960005,1.3495
11,-3.393197278,6.6,-2.931950148,5,2.05,3.16,3.612725,-4.016865235,0.83,2.749760004,2.18,17,0.78,2.962960005,1.3525
11,-3.393197278,6.6,-2.931950148,5,2.05,3.16,3.612725,-4.169720578,0.83,2.749760004,2.18,17,0.78,2.962960005,1.3997
1,-3.706595889,8.12,-3.629490255,3,1.81,2.96,3.3635882,-3.864613159,0.76,2.828384005,3.05,35,0.8825,1.118000002,1.4373
1,-3.706595889,8.12,-3.629490255,3,1.81,2.96,3.3635882,-3.75,0.76,2.828384005,3.05,35,0.8825,1.118000002,1.4455
1,-3.706595889,8.12,-3.629490255,3,1.81,2.96,3.3635882,-3.709164607,0.76,2.828384005,3.05,35,0.8825,1.118000002,1.4559
1,-3.706595889,8.12,-3.629490255,3,1.81,2.96,3.3635882,-3.629490255,0.76,2.828384005,3.05,35,0.8825,1.118000002,1.4764
1,-3.706595889,8.12,-3.629490255,3,1.81,2.96,3.3635882,-4.273256801,0.76,2.828384005,3.05,35,0.8825,1.118000002,1.494
1,-4.057958743,9.1,-4.273256801,3,1.78,2.96,3.3635882,-3.864613159,0.94,2.527200004,3.05,35,0.8825,1.656720003,1.584
1,-4.057958743,9.1,-4.273256801,3,1.78,2.96,3.3635882,-3.75,0.94,2.527200004,3.05,35,0.8825,1.656720003,1.6008
1,-4.057958743,9.1,-4.273256801,3,1.78,2.96,3.3635882,-3.709164607,0.94,2.527200004,3.05,35,0.8825,1.656720003,1.6081
1,-4.057958743,9.1,-4.273256801,3,1.78,2.96,3.3635882,-3.629490255,0.94,2.527200004,3.05,35,0.8825,1.656720003,1.628
1,-4.057958743,9.1,-4.273256801,3,1.78,2.96,3.3635882,-4.273256801,0.94,2.527200004,3.05,35,0.8825,1.656720003,1.6397
11,-3.798499327,17.8,-3.401724661,3,1.36,2.96,3.3635882,-3.864613159,0.885,3.929120006,3.05,35,0.8825,3.508960006,1.6905
11,-3.798499327,17.8,-3.401724661,3,1.36,2.96,3.3635882,-3.75,0.885,3.929120006,3.05,35,0.8825,3.508960006,1.7286
11,-3.798499327,17.8,-3.401724661,3,1.36,2.96,3.3635882,-3.709164607,0.885,3.929120006,3.05,35,0.8825,3.508960006,1.754
11,-4.380249636,17.8,-3.638107435,3,1.36,3.16,3.612725,-3.955721302,0.885,3.929120006,2.18,17,0.78,3.508960006,1.8107
1,-4.057958743,9.1,-3.629490255,3,1.78,2.96,3.3635882,-3.864613159,0.94,2.527200004,3.05,35,0.8825,1.118000002,1.8141
1,-4.057958743,9.1,-3.629490255,3,1.78,2.96,3.3635882,-3.75,0.94,2.527200004,3.05,35,0.8825,1.118000002,1.8289
11,-3.27283595,7.4,-2.931950148,5,2.02,3.16,3.612725,-4.016865235,1.035,2.179840003,2.18,17,0.78,2.962960005,1.8296
1,-4.057958743,9.1,-3.629490255,3,1.78,2.96,3.3635882,-3.709164607,0.94,2.527200004,3.05,35,0.8825,1.118000002,1.8445
11,-4.380249636,17.8,-3.638107435,3,1.36,3.16,3.612725,-3.99502,0.885,3.929120006,2.18,17,0.78,3.508960006,1.8542
11,-4.380249636,17.8,-3.638107435,3,1.36,3.16,3.612725,-4.016865235,0.885,3.929120006,2.18,17,0.78,3.508960006,1.8599
11,-3.27283595,7.4,-2.931950148,5,2.02,3.16,3.612725,-4.169720578,1.035,2.179840003,2.18,17,0.78,2.962960005,1.8679
1,-4.057958743,9.1,-3.629490255,3,1.78,2.96,3.3635882,-3.629490255,0.94,2.527200004,3.05,35,0.8825,1.118000002,1.8688
1,-3.094295872,6.6,-3.864613159,5,2.05,2.96,3.3635882,-3.629490255,0.83,2.749760004,3.05,35,0.8825,0.795600001,2.0565
1,-3.094295872,6.6,-3.864613159,5,2.05,2.96,3.3635882,-4.273256801,0.83,2.749760004,3.05,35,0.8825,0.795600001,2.0677
1,-3.706595889,8.12,-3.75,3,1.81,2.96,3.3635882,-3.709164607,0.76,2.828384005,3.05,35,0.8825,0.841360001,2.1885
1,-3.706595889,8.12,-3.75,3,1.81,2.96,3.3635882,-3.629490255,0.76,2.828384005,3.05,35,0.8825,0.841360001,2.191
11,-5.067606027,6.8,-2.931950148,3,1.61,3.16,3.612725,-4.169720578,0.675,3.441360006,2.18,17,0.78,2.962960005,2.2606
1,-3.094295872,6.6,-3.75,5,2.05,2.96,3.3635882,-4.273256801,0.83,2.749760004,3.05,35,0.8825,0.841360001,2.2642
1,-3.094295872,6.6,-3.75,5,2.05,2.96,3.3635882,-3.629490255,0.83,2.749760004,3.05,35,0.8825,0.841360001,2.2772
1,-3.706595889,8.12,-3.864613159,3,1.81,2.96,3.3635882,-3.629490255,0.76,2.828384005,3.05,35,0.8825,0.795600001,2.3379
1,-3.094295872,6.6,-4.273256801,5,2.05,2.96,3.3635882,-3.864613159,0.83,2.749760004,3.05,35,0.8825,1.656720003,2.3412
1,-3.706595889,8.12,-3.864613159,3,1.81,2.96,3.3635882,-3.864613159,0.76,2.828384005,3.05,35,0.8825,0.795600001,2.3465
1,-3.706595889,8.12,-3.864613159,3,1.81,2.96,3.3635882,-4.273256801,0.76,2.828384005,3.05,35,0.8825,0.795600001,2.3487
1,-4.526240733,6.8,-4.273256801,3,1.61,2.96,3.3635882,-3.864613159,0.675,3.441360006,3.05,35,0.8825,1.656720003,2.3507
1,-3.706595889,8.12,-3.864613159,3,1.81,2.96,3.3635882,-3.75,0.76,2.828384005,3.05,35,0.8825,0.795600001,2.3668
1,-4.526240733,6.8,-4.273256801,3,1.61,2.96,3.3635882,-3.75,0.675,3.441360006,3.05,35,0.8825,1.656720003,2.3783
1,-3.706595889,8.12,-3.864613159,3,1.81,2.96,3.3635882,-3.709164607,0.76,2.828384005,3.05,35,0.8825,0.795600001,2.3805
1,-4.526240733,6.8,-4.273256801,3,1.61,2.96,3.3635882,-3.709164607,0.675,3.441360006,3.05,35,0.8825,1.656720003,2.3994
1,-3.393197278,6.6,-4.016865235,5,2.05,3.16,3.612725,-4.684686849,0.83,2.749760004,2.18,17,0.78,0.841360001,2.4133
1,-3.393197278,6.6,-4.016865235,5,2.05,3.16,3.612725,-3.955721302,0.83,2.749760004,2.18,17,0.78,0.841360001,2.4219
1,-4.526240733,6.8,-4.273256801,3,1.61,2.96,3.3635882,-3.629490255,0.675,3.441360006,3.05,35,0.8825,1.656720003,2.4384
1,-2.995223886,7.4,-3.864613159,5,2.02,2.96,3.3635882,-4.273256801,1.035,2.179840003,3.05,35,0.8825,0.795600001,2.5355
1,-4.057958743,9.1,-3.864613159,3,1.78,2.96,3.3635882,-3.629490255,0.94,2.527200004,3.05,35,0.8825,0.795600001,2.5558
1,-4.242998713,8.12,-4.684686849,3,1.81,3.16,3.612725,-3.99502,0.76,2.828384005,2.18,17,0.78,1.656720003,2.5592
1,-4.057958743,9.1,-3.864613159,3,1.78,2.96,3.3635882,-4.273256801,0.94,2.527200004,3.05,35,0.8825,0.795600001,2.5622
1,-4.526240733,6.8,-3.629490255,3,1.61,2.96,3.3635882,-3.75,0.675,3.441360006,3.05,35,0.8825,1.118000002,2.5625
1,-4.526240733,6.8,-3.629490255,3,1.61,2.96,3.3635882,-3.709164607,0.675,3.441360006,3.05,35,0.8825,1.118000002,2.5861
1,-4.242998713,8.12,-4.684686849,3,1.81,3.16,3.612725,-3.955721302,0.76,2.828384005,2.18,17,0.78,1.656720003,2.6237
1,-4.526240733,6.8,-3.629490255,3,1.61,2.96,3.3635882,-3.629490255,0.675,3.441360006,3.05,35,0.8825,1.118000002,2.6307
1,-4.242998713,8.12,-4.684686849,3,1.81,3.16,3.612725,-4.684686849,0.76,2.828384005,2.18,17,0.78,1.656720003,2.6507
1,-4.526240733,6.8,-3.629490255,3,1.61,2.96,3.3635882,-4.273256801,0.675,3.441360006,3.05,35,0.8825,1.118000002,2.6572
1,-4.526240733,6.8,-3.864613159,3,1.61,2.96,3.3635882,-4.273256801,0.675,3.441360006,3.05,35,0.8825,0.795600001,2.6704
11,-3.798499327,17.8,-2.710961454,3,1.36,2.96,3.3635882,-3.864613159,0.885,3.929120006,3.05,35,0.8825,2.962960005,2.7575
1,-4.526240733,6.8,-3.75,3,1.61,2.96,3.3635882,-4.273256801,0.675,3.441360006,3.05,35,0.8825,0.841360001,2.7585
11,-3.798499327,17.8,-2.710961454,3,1.36,2.96,3.3635882,-3.75,0.885,3.929120006,3.05,35,0.8825,2.962960005,2.7696
1,-4.431521419,9.1,-4.684686849,3,1.78,3.16,3.612725,-4.169720578,0.94,2.527200004,2.18,17,0.78,1.656720003,2.7717
11,-3.798499327,17.8,-2.710961454,3,1.36,2.96,3.3635882,-3.709164607,0.885,3.929120006,3.05,35,0.8825,2.962960005,2.7737
1,-4.242998713,8.12,-3.955721302,3,1.81,3.16,3.612725,-3.99502,0.76,2.828384005,2.18,17,0.78,1.118000002,2.7826
1,-4.526240733,6.8,-3.75,3,1.61,2.96,3.3635882,-3.629490255,0.675,3.441360006,3.05,35,0.8825,0.841360001,2.786
1,-3.798499327,17.8,-3.864613159,3,1.36,2.96,3.3635882,-4.273256801,0.885,3.929120006,3.05,35,0.8825,0.795600001,2.8083
1,-3.393197278,6.6,-3.955721302,5,2.05,3.16,3.612725,-4.684686849,0.83,2.749760004,2.18,17,0.78,1.118000002,2.8098
1,-3.798499327,17.8,-3.864613159,3,1.36,2.96,3.3635882,-3.629490255,0.885,3.929120006,3.05,35,0.8825,0.795600001,2.8117
1,-4.431521419,9.1,-4.684686849,3,1.78,3.16,3.612725,-4.016865235,0.94,2.527200004,2.18,17,0.78,1.656720003,2.834
1,-3.094295872,6.6,-3.75,5,2.05,2.96,3.3635882,-3.709164607,0.83,2.749760004,3.05,35,0.8825,0.841360001,2.8377
1,-3.094295872,6.6,-3.75,5,2.05,2.96,3.3635882,-3.864613159,0.83,2.749760004,3.05,35,0.8825,0.841360001,2.8394
1,-3.094295872,6.6,-3.75,5,2.05,2.96,3.3635882,-3.75,0.83,2.749760004,3.05,35,0.8825,0.841360001,2.8407
1,-3.094295872,6.6,-3.864613159,5,2.05,2.96,3.3635882,-3.709164607,0.83,2.749760004,3.05,35,0.8825,0.795600001,2.8471
1,-2.995223886,7.4,-4.273256801,5,2.02,2.96,3.3635882,-4.273256801,1.035,2.179840003,3.05,35,0.8825,1.656720003,2.9097
1,-2.995223886,7.4,-4.273256801,5,2.02,2.96,3.3635882,-3.629490255,1.035,2.179840003,3.05,35,0.8825,1.656720003,2.9104
1,-2.995223886,7.4,-4.273256801,5,2.02,2.96,3.3635882,-3.75,1.035,2.179840003,3.05,35,0.8825,1.656720003,2.9113
1,-3.798499327,17.8,-3.75,3,1.36,2.96,3.3635882,-3.629490255,0.885,3.929120006,3.05,35,0.8825,0.841360001,2.916
1,-3.798499327,17.8,-4.273256801,3,1.36,2.96,3.3635882,-3.629490255,0.885,3.929120006,3.05,35,0.8825,1.656720003,2.919
1,-3.393197278,6.6,-4.684686849,5,2.05,3.16,3.612725,-3.955721302,0.83,2.749760004,2.18,17,0.78,1.656720003,2.9231
1,-3.393197278,6.6,-4.684686849,5,2.05,3.16,3.612725,-3.99502,0.83,2.749760004,2.18,17,0.78,1.656720003,2.9338
1,-3.393197278,6.6,-4.684686849,5,2.05,3.16,3.612725,-4.016865235,0.83,2.749760004,2.18,17,0.78,1.656720003,2.9399
1,-4.431521419,9.1,-4.684686849,3,1.78,3.16,3.612725,-3.955721302,0.94,2.527200004,2.18,17,0.78,1.656720003,2.9406
1,-3.798499327,17.8,-4.273256801,3,1.36,2.96,3.3635882,-3.709164607,0.885,3.929120006,3.05,35,0.8825,1.656720003,2.9431
1,-3.393197278,6.6,-4.684686849,5,2.05,3.16,3.612725,-4.169720578,0.83,2.749760004,2.18,17,0.78,1.656720003,2.9497
1,-3.798499327,17.8,-4.273256801,3,1.36,2.96,3.3635882,-3.75,0.885,3.929120006,3.05,35,0.8825,1.656720003,2.9576
1,-3.27283595,7.4,-4.016865235,5,2.02,3.16,3.612725,-4.684686849,1.035,2.179840003,2.18,17,0.78,0.841360001,2.9618
1,-3.27283595,7.4,-4.016865235,5,2.02,3.16,3.612725,-3.955721302,1.035,2.179840003,2.18,17,0.78,0.841360001,2.9692
1,-2.995223886,7.4,-3.629490255,5,2.02,2.96,3.3635882,-4.273256801,1.035,2.179840003,3.05,35,0.8825,1.118000002,2.9729
1,-4.431521419,9.1,-4.684686849,3,1.78,3.16,3.612725,-4.684686849,0.94,2.527200004,2.18,17,0.78,1.656720003,2.9763
1,-4.431521419,9.1,-3.955721302,3,1.78,3.16,3.612725,-4.169720578,0.94,2.527200004,2.18,17,0.78,1.118000002,2.9765
1,-3.798499327,17.8,-4.273256801,3,1.36,2.96,3.3635882,-3.864613159,0.885,3.929120006,3.05,35,0.8825,1.656720003,2.9815
11,-4.380249636,17.8,-2.931950148,3,1.36,3.16,3.612725,-4.684686849,0.885,3.929120006,2.18,17,0.78,2.962960005,2.9965
1,-2.995223886,7.4,-3.629490255,5,2.02,2.96,3.3635882,-3.629490255,1.035,2.179840003,3.05,35,0.8825,1.118000002,3.0242
1,-4.431521419,9.1,-3.955721302,3,1.78,3.16,3.612725,-4.016865235,0.94,2.527200004,2.18,17,0.78,1.118000002,3.0247
11,-4.380249636,17.8,-2.931950148,3,1.36,3.16,3.612725,-3.99502,0.885,3.929120006,2.18,17,0.78,2.962960005,3.2186
1,-4.526240733,6.8,-3.75,3,1.61,2.96,3.3635882,-3.864613159,0.675,3.441360006,3.05,35,0.8825,0.841360001,3.2274
1,-4.526240733,6.8,-3.75,3,1.61,2.96,3.3635882,-3.709164607,0.675,3.441360006,3.05,35,0.8825,0.841360001,3.228
1,-4.526240733,6.8,-3.75,3,1.61,2.96,3.3635882,-3.75,0.675,3.441360006,3.05,35,0.8825,0.841360001,3.2319
1,-4.242998713,8.12,-4.016865235,3,1.81,3.16,3.612725,-4.169720578,0.76,2.828384005,2.18,17,0.78,0.841360001,3.3614
1,-5.067606027,6.8,-4.169720578,3,1.61,3.16,3.612725,-3.955721302,0.675,3.441360006,2.18,17,0.78,0.795600001,3.3713
1,-4.526240733,6.8,-3.864613159,3,1.61,2.96,3.3635882,-3.864613159,0.675,3.441360006,3.05,35,0.8825,0.795600001,3.3827
1,-3.27283595,7.4,-4.684686849,5,2.02,3.16,3.612725,-4.684686849,1.035,2.179840003,2.18,17,0.78,1.656720003,3.386
1,-4.431521419,9.1,-4.016865235,3,1.78,3.16,3.612725,-3.955721302,0.94,2.527200004,2.18,17,0.78,0.841360001,3.3904
1,-3.27283595,7.4,-3.955721302,5,2.02,3.16,3.612725,-3.955721302,1.035,2.179840003,2.18,17,0.78,1.118000002,3.4113
1,-4.431521419,9.1,-4.016865235,3,1.78,3.16,3.612725,-3.99502,0.94,2.527200004,2.18,17,0.78,0.841360001,3.6181
1,-4.431521419,9.1,-4.169720578,3,1.78,3.16,3.612725,-3.99502,0.94,2.527200004,2.18,17,0.78,0.795600001,3.6966
1,-3.27283595,7.4,-3.955721302,5,2.02,3.16,3.612725,-4.169720578,1.035,2.179840003,2.18,17,0.78,1.118000002,3.7174
1,-4.431521419,9.1,-4.169720578,3,1.78,3.16,3.612725,-4.016865235,0.94,2.527200004,2.18,17,0.78,0.795600001,3.7188
1,-4.431521419,9.1,-4.169720578,3,1.78,3.16,3.612725,-4.169720578,0.94,2.527200004,2.18,17,0.78,0.795600001,3.728
1,-3.27283595,7.4,-3.955721302,5,2.02,3.16,3.612725,-4.016865235,1.035,2.179840003,2.18,17,0.78,1.118000002,3.7325
1,-3.27283595,7.4,-3.955721302,5,2.02,3.16,3.612725,-3.99502,1.035,2.179840003,2.18,17,0.78,1.118000002,3.74
1,-4.380249636,17.8,-4.684686849,3,1.36,3.16,3.612725,-4.684686849,0.885,3.929120006,2.18,17,0.78,1.656720003,3.7403
1,-4.380249636,17.8,-4.684686849,3,1.36,3.16,3.612725,-3.955721302,0.885,3.929120006,2.18,17,0.78,1.656720003,3.7461
1,-4.380249636,17.8,-4.684686849,3,1.36,3.16,3.612725,-3.99502,0.885,3.929120006,2.18,17,0.78,1.656720003,3.7479
1,-4.380249636,17.8,-4.684686849,3,1.36,3.16,3.612725,-4.016865235,0.885,3.929120006,2.18,17,0.78,1.656720003,3.7568
1,-4.380249636,17.8,-4.684686849,3,1.36,3.16,3.612725,-4.169720578,0.885,3.929120006,2.18,17,0.78,1.656720003,3.7762
1,-4.380249636,17.8,-3.955721302,3,1.36,3.16,3.612725,-4.169720578,0.885,3.929120006,2.18,17,0.78,1.118000002,3.9019
1,-4.380249636,17.8,-3.955721302,3,1.36,3.16,3.612725,-4.016865235,0.885,3.929120006,2.18,17,0.78,1.118000002,3.9026
1,-4.380249636,17.8,-3.955721302,3,1.36,3.16,3.612725,-3.99502,0.885,3.929120006,2.18,17,0.78,1.118000002,3.9034
1,-4.380249636,17.8,-3.955721302,3,1.36,3.16,3.612725,-4.684686849,0.885,3.929120006,2.18,17,0.78,1.118000002,3.9052
1,-4.380249636,17.8,-3.955721302,3,1.36,3.16,3.612725,-3.955721302,0.885,3.929120006,2.18,17,0.78,1.118000002,3.9107
1,-5.067606027,6.8,-3.955721302,3,1.61,3.16,3.612725,-4.684686849,0.675,3.441360006,2.18,17,0.78,1.118000002,3.9326
1,-3.27283595,7.4,-4.169720578,5,2.02,3.16,3.612725,-4.169720578,1.035,2.179840003,2.18,17,0.78,0.795600001,3.9431
1,-4.380249636,17.8,-4.169720578,3,1.36,3.16,3.612725,-4.169720578,0.885,3.929120006,2.18,17,0.78,0.795600001,4.0832
1,-5.067606027,6.8,-4.684686849,3,1.61,3.16,3.612725,-3.955721302,0.675,3.441360006,2.18,17,0.78,1.656720003,4.085
1,-4.380249636,17.8,-4.169720578,3,1.36,3.16,3.612725,-4.016865235,0.885,3.929120006,2.18,17,0.78,0.795600001,4.0904
1,-4.380249636,17.8,-4.169720578,3,1.36,3.16,3.612725,-3.99502,0.885,3.929120006,2.18,17,0.78,0.795600001,4.0936
1,-5.067606027,6.8,-3.955721302,3,1.61,3.16,3.612725,-3.99502,0.675,3.441360006,2.18,17,0.78,1.118000002,4.1472
1,-5.067606027,6.8,-4.169720578,3,1.61,3.16,3.612725,-3.99502,0.675,3.441360006,2.18,17,0.78,0.795600001,4.1962
1,-5.067606027,6.8,-4.169720578,3,1.61,3.16,3.612725,-4.016865235,0.675,3.441360006,2.18,17,0.78,0.795600001,4.3396
1,-5.067606027,6.8,-4.016865235,3,1.61,3.16,3.612725,-3.99502,0.675,3.441360006,2.18,17,0.78,0.841360001,4.3455
4,-4.760746764,5.84,-4.451522864,4,2.01,2.96,3.3635882,-3.629490255,0.77,3.868800006,3.05,35,0.8825,3.132480005,0.2753
4,-1.733257706,5.75,-4.451522864,12,1.65,2.96,3.3635882,-3.629490255,0.88,1.356160002,3.05,35,0.8825,3.132480005,0.995
4,-1.733257706,5.75,-4.760746764,12,1.65,2.96,3.3635882,-3.629490255,0.88,1.356160002,3.05,35,0.8825,3.868800006,1.0028
4,-4.023792611,5.6,-5.162132415,2,1.57,3.16,3.612725,-2.931950148,0.59,3.369600005,2.18,17,0.78,3.868800006,0.6144
2,-5.337757107,6.8,-4.023792611,10,1.88,3.16,3.612725,-4.684686849,0.74,4.473040007,2.18,17,0.78,3.369600005,0.0771
2,-5.337757107,6.8,-4.023792611,10,1.88,3.16,3.612725,-3.955721302,0.74,4.473040007,2.18,17,0.78,3.369600005,0.1101
2,-1.733257706,5.75,-3.409421293,12,1.65,2.96,3.3635882,-3.709164607,0.88,1.356160002,3.05,35,0.8825,3.369600005,0.5882
2,-3.205943693,10.6,-4.023792611,2,1.31,3.16,3.612725,-2.61436458,0.86,1.529840002,2.18,17,0.78,3.369600005,0.1128
2,-2.016813197,5.75,-4.023792611,12,1.65,3.16,3.612725,-2.61436458,0.88,1.356160002,2.18,17,0.78,3.369600005,0.0377
7,-2.016813197,5.75,-2.56965337,12,1.65,3.16,3.612725,-2.931950148,0.88,1.356160002,2.18,17,0.78,2.946320005,0.0577
7,-2.016813197,5.75,-2.56965337,12,1.65,3.16,3.612725,-2.61436458,0.88,1.356160002,2.18,17,0.78,2.946320005,0.0068
11,-1.733257706,5.75,-3.401724661,12,1.65,2.96,3.3635882,-3.629490255,0.88,1.356160002,3.05,35,0.8825,3.508960006,0.0012
11,-1.733257706,5.75,-3.401724661,12,1.65,2.96,3.3635882,-3.75,0.88,1.356160002,3.05,35,0.8825,3.508960006,0.0043
11,-4.526240733,6.8,-3.401724661,3,1.61,2.96,3.3635882,-3.629490255,0.675,3.441360006,3.05,35,0.8825,3.508960006,0.0537
11,-5.067606027,6.8,-3.638107435,3,1.61,3.16,3.612725,-3.955721302,0.675,3.441360006,2.18,17,0.78,3.508960006,0.8107
11,-3.094295872,6.6,-3.401724661,5,2.05,2.96,3.3635882,-3.629490255,0.83,2.749760004,3.05,35,0.8825,3.508960006,0.2408
11,-4.526240733,6.8,-2.448266732,3,1.61,2.96,3.3635882,-3.629490255,0.675,3.441360006,3.05,35,0.8825,3.829280006,0.0503
11,-4.526240733,6.8,-3.401724661,3,1.61,2.96,3.3635882,-3.709164607,0.675,3.441360006,3.05,35,0.8825,3.508960006,0.0151
11,-3.094295872,6.6,-3.401724661,5,2.05,2.96,3.3635882,-3.709164607,0.83,2.749760004,3.05,35,0.8825,3.508960006,0.2732
11,-4.526240733,6.8,-2.448266732,3,1.61,2.96,3.3635882,-3.709164607,0.675,3.441360006,3.05,35,0.8825,3.829280006,0.0587
11,-3.094295872,6.6,-3.401724661,5,2.05,2.96,3.3635882,-3.75,0.83,2.749760004,3.05,35,0.8825,3.508960006,0.2779
4,-4.023792611,5.6,-4.809185065,2,1.57,3.16,3.612725,-3.955721302,0.59,3.369600005,2.18,17,0.78,3.132480005,2.4111
4,-4.023792611,5.6,-5.162132415,2,1.57,3.16,3.612725,-3.955721302,0.59,3.369600005,2.18,17,0.78,3.868800006,2.4404
4,-0.508989374,9.4,-4.760746764,7,1.55,2.96,3.3635882,-3.709164607,0.648333333,2.946320005,3.05,35,0.8825,3.868800006,1.0317
4,-1.733257706,5.75,-4.760746764,12,1.65,2.96,3.3635882,-3.709164607,0.88,1.356160002,3.05,35,0.8825,3.868800006,1.0371
2,-1.733257706,5.75,-2.692899064,12,1.65,2.96,3.3635882,-3.75,0.88,1.356160002,3.05,35,0.8825,1.529840002,1.3621
2,-1.733257706,5.75,-2.692899064,12,1.65,2.96,3.3635882,-3.629490255,0.88,1.356160002,3.05,35,0.8825,1.529840002,1.4873
7,-2.016813197,5.75,-2.56965337,12,1.65,3.16,3.612725,-3.955721302,0.88,1.356160002,2.18,17,0.78,2.946320005,1.2667
4,-2.56965337,9.4,-4.809185065,7,1.55,3.16,3.612725,-3.955721302,0.648333333,2.946320005,2.18,17,0.78,3.132480005,1.0017
4,-0.508989374,9.4,-4.760746764,7,1.55,2.96,3.3635882,-3.629490255,0.648333333,2.946320005,3.05,35,0.8825,3.868800006,0.9073
4,-2.56965337,9.4,-5.162132415,7,1.55,3.16,3.612725,-3.955721302,0.648333333,2.946320005,2.18,17,0.78,3.868800006,1.0732
2,-2.56965337,9.4,-4.023792611,7,1.55,3.16,3.612725,-4.684686849,0.648333333,2.946320005,2.18,17,0.78,3.369600005,1.8997
2,-0.508989374,9.4,-3.409421293,7,1.55,2.96,3.3635882,-3.629490255,0.648333333,2.946320005,3.05,35,0.8825,3.369600005,1.2218
2,-2.56965337,9.4,-4.023792611,7,1.55,3.16,3.612725,-3.955721302,0.648333333,2.946320005,2.18,17,0.78,3.369600005,1.937
4,-4.023792611,5.6,-4.809185065,2,1.57,3.16,3.612725,-2.931950148,0.59,3.369600005,2.18,17,0.78,3.132480005,0.0841
8,-1.733257706,5.75,-4.919035872,12,1.65,2.96,3.3635882,-3.629490255,0.88,1.356160002,3.05,35,0.8825,4.321200007,0.0021
8,-1.733257706,5.75,-4.919035872,12,1.65,2.96,3.3635882,-3.709164607,0.88,1.356160002,3.05,35,0.8825,4.321200007,0.0008
10,-1.733257706,5.75,-5.262083316,12,1.65,2.96,3.3635882,-3.629490255,0.88,1.356160002,3.05,35,0.8825,4.473040007,0.0028
10,-1.733257706,5.75,-5.262083316,12,1.65,2.96,3.3635882,-3.709164607,0.88,1.356160002,3.05,35,0.8825,4.473040007,0.0105
4,-4.760746764,5.84,-4.451522864,4,2.01,2.96,3.3635882,-3.75,0.77,3.868800006,3.05,35,0.8825,3.132480005,0.4255
4,-4.919035872,8.4,-4.760746764,8,1.83,2.96,3.3635882,-3.709164607,0.8525,4.321200007,3.05,35,0.8825,3.868800006,0.0004
4,-2.086516895,7.6,-4.760746764,9,2.2,2.96,3.3635882,-3.709164607,0.765,6.957600011,3.05,35,0.8825,3.868800006,0.0278
4,-3.230996045,6.5,-4.760746764,10,2.28,2.96,3.3635882,-3.709164607,0.805,5.883280009,3.05,35,0.8825,3.868800006,0.0329
4,-4.919035872,8.4,-4.760746764,8,1.83,2.96,3.3635882,-3.75,0.8525,4.321200007,3.05,35,0.8825,3.868800006,0.0007
4,-3.230996045,6.5,-4.760746764,10,2.28,2.96,3.3635882,-3.75,0.805,5.883280009,3.05,35,0.8825,3.868800006,0.0298
4,-2.692899064,10.6,-4.760746764,2,1.31,2.96,3.3635882,-2.710961454,0.86,1.529840002,3.05,35,0.8825,3.868800006,0.4059
2,-1.921753201,7.5,-4.023792611,9,1.91,3.16,3.612725,-3.955721302,0.768333333,4.437680007,2.18,17,0.78,3.369600005,0.0027
2,-1.733257706,5.75,-3.409421293,12,1.65,2.96,3.3635882,-3.629490255,0.88,1.356160002,3.05,35,0.8825,3.369600005,0.5988
2,-2.692899064,10.6,-3.409421293,2,1.31,2.96,3.3635882,-2.710961454,0.86,1.529840002,3.05,35,0.8825,3.369600005,0.6648
2,-2.56965337,9.4,-4.023792611,7,1.55,3.16,3.612725,-2.931950148,0.648333333,2.946320005,2.18,17,0.78,3.369600005,0.3927
9,-5.262083316,6.8,-1.125609138,10,1.88,2.96,3.3635882,-3.709164607,0.74,4.473040007,3.05,35,0.8825,4.437680007,0.0012
9,-5.337757107,6.8,-1.921753201,10,1.88,3.16,3.612725,-3.99502,0.74,4.473040007,2.18,17,0.78,4.437680007,0.0049
9,-3.230996045,6.5,-1.125609138,10,2.28,2.96,3.3635882,-3.709164607,0.805,5.883280009,3.05,35,0.8825,4.437680007,0.0069
9,-3.230996045,6.5,-1.125609138,10,2.28,2.96,3.3635882,-3.75,0.805,5.883280009,3.05,35,0.8825,4.437680007,0.0038
11,-5.067606027,6.8,-3.638107435,3,1.61,3.16,3.612725,-3.99502,0.675,3.441360006,2.18,17,0.78,3.508960006,0.7686
11,-4.057958743,9.1,-3.401724661,3,1.78,2.96,3.3635882,-3.709164607,0.94,2.527200004,3.05,35,0.8825,3.508960006,0.0004
11,-4.057958743,9.1,-3.401724661,3,1.78,2.96,3.3635882,-3.75,0.94,2.527200004,3.05,35,0.8825,3.508960006,0.0005
2,-2.016813197,5.75,-4.023792611,12,1.65,3.16,3.612725,-3.955721302,0.88,1.356160002,2.18,17,0.78,3.369600005,2.0764
2,-0.508989374,9.4,-2.692899064,7,1.55,2.96,3.3635882,-3.629490255,0.648333333,2.946320005,3.05,35,0.8825,1.529840002,1.9994
2,-0.508989374,9.4,-2.692899064,7,1.55,2.96,3.3635882,-3.709164607,0.648333333,2.946320005,3.05,35,0.8825,1.529840002,2.038
4,-0.508989374,9.4,-4.451522864,7,1.55,2.96,3.3635882,-3.629490255,0.648333333,2.946320005,3.05,35,0.8825,3.132480005,0.496493373
4,-1.733257706,5.75,-4.760746764,12,1.65,2.96,3.3635882,-3.75,0.88,1.356160002,3.05,35,0.8825,3.868800006,0.224001037
4,-0.508989374,9.4,-4.451522864,7,1.55,2.96,3.3635882,-3.709164607,0.648333333,2.946320005,3.05,35,0.8825,3.132480005,0.9243
4,-1.733257706,5.75,-4.451522864,12,1.65,2.96,3.3635882,-3.75,0.88,1.356160002,3.05,35,0.8825,3.132480005,1.0563
4,-5.337757107,6.8,-5.162132415,10,1.88,3.16,3.612725,-3.99502,0.74,4.473040007,2.18,17,0.78,3.868800006,0.0097
2,-1.125609138,7.5,-2.692899064,9,1.91,2.96,3.3635882,-3.629490255,0.768333333,4.437680007,3.05,35,0.8825,1.529840002,0.0037
2,-1.125609138,7.5,-2.692899064,9,1.91,2.96,3.3635882,-3.709164607,0.768333333,4.437680007,3.05,35,0.8825,1.529840002,0.0014
2,-1.125609138,7.5,-2.692899064,9,1.91,2.96,3.3635882,-3.75,0.768333333,4.437680007,3.05,35,0.8825,1.529840002,0.0016
1,-3.706595889,8.12,-3.709164607,3,1.81,2.96,3.3635882,-3.864613159,0.76,2.828384005,3.05,35,0.8825,0.925600001,2.0117
1,-3.706595889,8.12,-3.709164607,3,1.81,2.96,3.3635882,-3.75,0.76,2.828384005,3.05,35,0.8825,0.925600001,2.0386
1,-3.706595889,8.12,-3.709164607,3,1.81,2.96,3.3635882,-3.709164607,0.76,2.828384005,3.05,35,0.8825,0.925600001,2.0647
1,-4.057958743,9.1,-3.709164607,3,1.78,2.96,3.3635882,-3.864613159,0.94,2.527200004,3.05,35,0.8825,0.925600001,2.3721
1,-4.057958743,9.1,-3.709164607,3,1.78,2.96,3.3635882,-3.75,0.94,2.527200004,3.05,35,0.8825,0.925600001,2.3948
1,-4.057958743,9.1,-3.709164607,3,1.78,2.96,3.3635882,-3.629490255,0.94,2.527200004,3.05,35,0.8825,0.925600001,2.4023
1,-4.057958743,9.1,-3.709164607,3,1.78,2.96,3.3635882,-3.709164607,0.94,2.527200004,3.05,35,0.8825,0.925600001,2.4127
1,-3.094295872,6.6,-3.709164607,5,2.05,2.96,3.3635882,-4.273256801,0.83,2.749760004,3.05,35,0.8825,0.925600001,2.4162
1,-4.057958743,9.1,-3.709164607,3,1.78,2.96,3.3635882,-4.273256801,0.94,2.527200004,3.05,35,0.8825,0.925600001,2.4178
1,-3.393197278,6.6,-3.99502,5,2.05,3.16,3.612725,-4.684686849,0.83,2.749760004,2.18,17,0.78,0.925600001,2.5925
1,-3.393197278,6.6,-3.99502,5,2.05,3.16,3.612725,-3.955721302,0.83,2.749760004,2.18,17,0.78,0.925600001,2.6234
1,-4.526240733,6.8,-3.709164607,3,1.61,2.96,3.3635882,-4.273256801,0.675,3.441360006,3.05,35,0.8825,0.925600001,2.8385
1,-3.094295872,6.6,-3.709164607,5,2.05,2.96,3.3635882,-3.864613159,0.83,2.749760004,3.05,35,0.8825,0.925600001,2.8498
1,-3.798499327,17.8,-3.709164607,3,1.36,2.96,3.3635882,-4.273256801,0.885,3.929120006,3.05,35,0.8825,0.925600001,2.966
1,-3.798499327,17.8,-3.709164607,3,1.36,2.96,3.3635882,-3.629490255,0.885,3.929120006,3.05,35,0.8825,0.925600001,3.0022
1,-4.526240733,6.8,-3.709164607,3,1.61,2.96,3.3635882,-3.75,0.675,3.441360006,3.05,35,0.8825,0.925600001,3.1552
1,-3.27283595,7.4,-3.99502,5,2.02,3.16,3.612725,-3.955721302,1.035,2.179840003,2.18,17,0.78,0.925600001,3.1683
1,-4.526240733,6.8,-3.709164607,3,1.61,2.96,3.3635882,-3.709164607,0.675,3.441360006,3.05,35,0.8825,0.925600001,3.182
1,-3.798499327,17.8,-3.709164607,3,1.36,2.96,3.3635882,-3.709164607,0.885,3.929120006,3.05,35,0.8825,0.925600001,3.2257
1,-3.798499327,17.8,-3.709164607,3,1.36,2.96,3.3635882,-3.75,0.885,3.929120006,3.05,35,0.8825,0.925600001,3.2267
1,-3.798499327,17.8,-3.709164607,3,1.36,2.96,3.3635882,-3.864613159,0.885,3.929120006,3.05,35,0.8825,0.925600001,3.2293
1,-4.242998713,8.12,-3.99502,3,1.81,3.16,3.612725,-4.169720578,0.76,2.828384005,2.18,17,0.78,0.925600001,3.2414
1,-4.242998713,8.12,-3.99502,3,1.81,3.16,3.612725,-3.955721302,0.76,2.828384005,2.18,17,0.78,0.925600001,3.3583
1,-4.242998713,8.12,-3.99502,3,1.81,3.16,3.612725,-4.684686849,0.76,2.828384005,2.18,17,0.78,0.925600001,3.3637
1,-2.995223886,7.4,-3.709164607,5,2.02,2.96,3.3635882,-3.864613159,1.035,2.179840003,3.05,35,0.8825,0.925600001,3.4155
1,-2.995223886,7.4,-3.709164607,5,2.02,2.96,3.3635882,-3.75,1.035,2.179840003,3.05,35,0.8825,0.925600001,3.4253
1,-2.995223886,7.4,-3.709164607,5,2.02,2.96,3.3635882,-3.709164607,1.035,2.179840003,3.05,35,0.8825,0.925600001,3.4265
1,-4.431521419,9.1,-3.99502,3,1.78,3.16,3.612725,-3.955721302,0.94,2.527200004,2.18,17,0.78,0.925600001,3.4277
1,-5.067606027,6.8,-3.99502,3,1.61,3.16,3.612725,-4.684686849,0.675,3.441360006,2.18,17,0.78,0.925600001,3.6678
1,-4.380249636,17.8,-3.99502,3,1.36,3.16,3.612725,-4.684686849,0.885,3.929120006,2.18,17,0.78,0.925600001,3.7095
1,-5.067606027,6.8,-3.99502,3,1.61,3.16,3.612725,-3.955721302,0.675,3.441360006,2.18,17,0.78,0.925600001,3.7159
1,-4.380249636,17.8,-3.99502,3,1.36,3.16,3.612725,-3.955721302,0.885,3.929120006,2.18,17,0.78,0.925600001,3.743
11,-6.98499023,22.7,-4.070800974,3,1.22,3.98,3.4011897,-4.393533774,1.04,4.416880007,0.557,9,0.705,3.508960006,0.8794
11,-6.98499023,22.7,-4.070800974,3,1.22,3.98,3.4011897,-4.699781335,1.04,4.416880007,0.557,9,0.705,3.508960006,1.3822
11,-6.98499023,22.7,-3.178730516,3,1.22,3.98,3.4011897,-5.73747418,1.04,4.416880007,0.557,9,0.705,2.962960005,1.5356
11,-3.75412371,22.7,-3.015509414,3,1.22,2.66,3.0590368,-3.689630919,1.04,4.416880007,4.7,53,1.273333333,3.508960006,1.5441
11,-3.75412371,22.7,-3.015509414,3,1.22,2.66,3.0590368,-3.154280889,1.04,4.416880007,4.7,53,1.273333333,3.508960006,1.6124
11,-6.98499023,22.7,-3.178730516,3,1.22,3.98,3.4011897,-4.55891026,1.04,4.416880007,0.557,9,0.705,2.962960005,1.641
11,-3.75412371,22.7,-3.015509414,3,1.22,2.66,3.0590368,-3.400777446,1.04,4.416880007,4.7,53,1.273333333,3.508960006,1.7062
11,-3.75412371,22.7,-3.015509414,3,1.22,2.66,3.0590368,-3.277171207,1.04,4.416880007,4.7,53,1.273333333,3.508960006,1.7409
1,-3.75412371,22.7,-3.400777446,3,1.22,2.66,3.0590368,-3.154280889,1.04,4.416880007,4.7,53,1.273333333,0.795600001,2.2776
1,-3.75412371,22.7,-3.400777446,3,1.22,2.66,3.0590368,-3.689630919,1.04,4.416880007,4.7,53,1.273333333,0.795600001,2.2812
11,-3.75412371,22.7,-2.403892393,3,1.22,2.66,3.0590368,-3.154280889,1.04,4.416880007,4.7,53,1.273333333,2.962960005,2.2845
1,-3.75412371,22.7,-3.689630919,3,1.22,2.66,3.0590368,-3.689630919,1.04,4.416880007,4.7,53,1.273333333,1.656720003,2.2854
1,-3.75412371,22.7,-3.277171207,3,1.22,2.66,3.0590368,-3.154280889,1.04,4.416880007,4.7,53,1.273333333,0.841360001,2.3362
1,-3.75412371,22.7,-3.154280889,3,1.22,2.66,3.0590368,-3.689630919,1.04,4.416880007,4.7,53,1.273333333,1.118000002,2.3442
1,-3.75412371,22.7,-3.689630919,3,1.22,2.66,3.0590368,-3.154280889,1.04,4.416880007,4.7,53,1.273333333,1.656720003,2.3677
1,-3.75412371,22.7,-3.154280889,3,1.22,2.66,3.0590368,-3.154280889,1.04,4.416880007,4.7,53,1.273333333,1.118000002,2.4004
11,-6.98499023,22.7,-3.178730516,3,1.22,3.98,3.4011897,-4.540020928,1.04,4.416880007,0.557,9,0.705,2.962960005,2.6195
1,-3.75412371,22.7,-3.689630919,3,1.22,2.66,3.0590368,-3.276070522,1.04,4.416880007,4.7,53,1.273333333,1.656720003,2.9702
1,-3.75412371,22.7,-3.689630919,3,1.22,2.66,3.0590368,-3.277171207,1.04,4.416880007,4.7,53,1.273333333,1.656720003,2.9885
1,-3.75412371,22.7,-3.689630919,3,1.22,2.66,3.0590368,-3.400777446,1.04,4.416880007,4.7,53,1.273333333,1.656720003,3.0084
1,-3.75412371,22.7,-3.154280889,3,1.22,2.66,3.0590368,-3.400777446,1.04,4.416880007,4.7,53,1.273333333,1.118000002,3.1503
1,-3.75412371,22.7,-3.400777446,3,1.22,2.66,3.0590368,-3.277171207,1.04,4.416880007,4.7,53,1.273333333,0.795600001,3.208
1,-3.75412371,22.7,-3.400777446,3,1.22,2.66,3.0590368,-3.400777446,1.04,4.416880007,4.7,53,1.273333333,0.795600001,3.3577
1,-6.98499023,22.7,-4.55891026,3,1.22,3.98,3.4011897,-5.73747418,1.04,4.416880007,0.557,9,0.705,1.118000002,5.0544
1,-6.98499023,22.7,-5.73747418,3,1.22,3.98,3.4011897,-5.73747418,1.04,4.416880007,0.557,9,0.705,1.656720003,5.3126
1,-6.98499023,22.7,-4.699781335,3,1.22,3.98,3.4011897,-4.393533774,1.04,4.416880007,0.557,9,0.705,0.795600001,5.3425
1,-6.98499023,22.7,-5.73747418,3,1.22,3.98,3.4011897,-4.55891026,1.04,4.416880007,0.557,9,0.705,1.656720003,5.4257
1,-6.98499023,22.7,-4.393533774,3,1.22,3.98,3.4011897,-4.540020928,1.04,4.416880007,0.557,9,0.705,0.841360001,5.5469
1,-6.98499023,22.7,-4.55891026,3,1.22,3.98,3.4011897,-4.393533774,1.04,4.416880007,0.557,9,0.705,1.118000002,6.4712
1,-6.98499023,22.7,-4.393533774,3,1.22,3.98,3.4011897,-4.393533774,1.04,4.416880007,0.557,9,0.705,0.841360001,5.7743
1,-3.75412371,22.7,-3.276070522,3,1.22,2.66,3.0590368,-3.689630919,1.04,4.416880007,4.7,53,1.273333333,0.925600001,2.347
1,-3.75412371,22.7,-3.276070522,3,1.22,2.66,3.0590368,-3.154280889,1.04,4.416880007,4.7,53,1.273333333,0.925600001,2.3723
1,-3.75412371,22.7,-3.276070522,3,1.22,2.66,3.0590368,-3.276070522,1.04,4.416880007,4.7,53,1.273333333,0.925600001,3.1848
1,-6.98499023,22.7,-4.540020928,3,1.22,3.98,3.4011897,-4.699781335,1.04,4.416880007,0.557,9,0.705,0.925600001,6.4726
1,-6.98499023,22.7,-4.540020928,3,1.22,3.98,3.4011897,-4.393533774,1.04,4.416880007,0.557,9,0.705,0.925600001,6.0117
1,-6.98499023,22.7,-4.540020928,3,1.22,3.98,3.4011897,-4.540020928,1.04,4.416880007,0.557,9,0.705,0.925600001,5.8006
11,-5.206296412,22.7,-3.638107435,3,1.22,3.16,3.612725,-4.684686849,1.04,4.416880007,2.18,17,0.78,3.508960006,1.4271
11,-4.561803061,22.7,-3.401724661,3,1.22,2.96,3.3635882,-4.273256801,1.04,4.416880007,3.05,35,0.8825,3.508960006,1.4795
11,-5.206296412,22.7,-3.638107435,3,1.22,3.16,3.612725,-3.955721302,1.04,4.416880007,2.18,17,0.78,3.508960006,1.5248
11,-4.561803061,22.7,-3.401724661,3,1.22,2.96,3.3635882,-3.629490255,1.04,4.416880007,3.05,35,0.8825,3.508960006,1.56
11,-4.561803061,22.7,-3.401724661,3,1.22,2.96,3.3635882,-3.864613159,1.04,4.416880007,3.05,35,0.8825,3.508960006,2.0653
11,-4.561803061,22.7,-3.401724661,3,1.22,2.96,3.3635882,-3.709164607,1.04,4.416880007,3.05,35,0.8825,3.508960006,2.1194
11,-5.206296412,22.7,-3.638107435,3,1.22,3.16,3.612725,-3.99502,1.04,4.416880007,2.18,17,0.78,3.508960006,2.3787
11,-5.206296412,22.7,-3.638107435,3,1.22,3.16,3.612725,-4.169720578,1.04,4.416880007,2.18,17,0.78,3.508960006,2.3917
11,-5.206296412,22.7,-3.638107435,3,1.22,3.16,3.612725,-4.016865235,1.04,4.416880007,2.18,17,0.78,3.508960006,2.4383
11,-4.561803061,22.7,-2.710961454,3,1.22,2.96,3.3635882,-3.629490255,1.04,4.416880007,3.05,35,0.8825,2.962960005,2.5288
1,-4.561803061,22.7,-3.864613159,3,1.22,2.96,3.3635882,-3.629490255,1.04,4.416880007,3.05,35,0.8825,0.795600001,2.8469
1,-4.561803061,22.7,-3.75,3,1.22,2.96,3.3635882,-4.273256801,1.04,4.416880007,3.05,35,0.8825,0.841360001,2.9337
1,-4.561803061,22.7,-3.75,3,1.22,2.96,3.3635882,-3.629490255,1.04,4.416880007,3.05,35,0.8825,0.841360001,2.9397
11,-4.561803061,22.7,-2.710961454,3,1.22,2.96,3.3635882,-3.864613159,1.04,4.416880007,3.05,35,0.8825,2.962960005,3.1563
1,-4.561803061,22.7,-3.75,3,1.22,2.96,3.3635882,-3.709164607,1.04,4.416880007,3.05,35,0.8825,0.841360001,3.711
11,-5.206296412,22.7,-2.931950148,3,1.22,3.16,3.612725,-4.169720578,1.04,4.416880007,2.18,17,0.78,2.962960005,3.7129
1,-4.561803061,22.7,-3.864613159,3,1.22,2.96,3.3635882,-3.75,1.04,4.416880007,3.05,35,0.8825,0.795600001,3.7671
1,-5.206296412,22.7,-4.684686849,3,1.22,3.16,3.612725,-4.684686849,1.04,4.416880007,2.18,17,0.78,1.656720003,3.8775
1,-4.561803061,22.7,-3.629490255,3,1.22,2.96,3.3635882,-3.709164607,1.04,4.416880007,3.05,35,0.8825,1.118000002,3.9406
1,-4.561803061,22.7,-3.629490255,3,1.22,2.96,3.3635882,-3.75,1.04,4.416880007,3.05,35,0.8825,1.118000002,4.1112
1,-4.561803061,22.7,-3.75,3,1.22,2.96,3.3635882,-3.864613159,1.04,4.416880007,3.05,35,0.8825,0.841360001,4.1795
1,-4.561803061,22.7,-3.629490255,3,1.22,2.96,3.3635882,-3.864613159,1.04,4.416880007,3.05,35,0.8825,1.118000002,4.2034
1,-5.206296412,22.7,-4.169720578,3,1.22,3.16,3.612725,-3.99502,1.04,4.416880007,2.18,17,0.78,0.795600001,4.2609
1,-5.206296412,22.7,-4.016865235,3,1.22,3.16,3.612725,-3.99502,1.04,4.416880007,2.18,17,0.78,0.841360001,4.4277
1,-5.206296412,22.7,-4.684686849,3,1.22,3.16,3.612725,-4.169720578,1.04,4.416880007,2.18,17,0.78,1.656720003,4.9098
1,-5.206296412,22.7,-4.684686849,3,1.22,3.16,3.612725,-3.99502,1.04,4.416880007,2.18,17,0.78,1.656720003,4.9285
1,-4.561803061,22.7,-3.709164607,3,1.22,2.96,3.3635882,-4.273256801,1.04,4.416880007,3.05,35,0.8825,0.925600001,2.986
1,-4.561803061,22.7,-3.709164607,3,1.22,2.96,3.3635882,-3.629490255,1.04,4.416880007,3.05,35,0.8825,0.925600001,3.0049
1,-5.206296412,22.7,-3.99502,3,1.22,3.16,3.612725,-4.684686849,1.04,4.416880007,2.18,17,0.78,0.925600001,3.6734
1,-5.206296412,22.7,-3.99502,3,1.22,3.16,3.612725,-3.955721302,1.04,4.416880007,2.18,17,0.78,0.925600001,3.6909
1,-4.561803061,22.7,-3.709164607,3,1.22,2.96,3.3635882,-3.864613159,1.04,4.416880007,3.05,35,0.8825,0.925600001,4.2859
